seccion,Nombre,Tipo,Institución,Director,Investigadores,Especialidad/Descripción,Código,Período,Web,Cruces/Multiafiliación,Notas manuales
UNIVERSIDAD DE CHILE,AMTC - Advanced Mining Technology Center,Centro investigación,U. de Chile,Dr. Humberto Estay Cuenca (Dir. Ejecutivo desde 2025),"Andreina García (Subdir.), Diana Comte, S. Montserrat, Maibelin Rosales, Vania Rojas, R. Quezada, M. Ojeda, G. Díaz","Proceso LiSa (recuperación agua salmueras), AMeLi (hidróxido litio), Software AIBOS (gestión baterías). 60+ papers, 20 patentes. Proyecto gobernanza hídrica salares Socaire",,2020-2026,www.amtc.cl,,Ex-inv. Hugo Giraldo ahora Dir. Innovación SQM. Gabriela Novoa en Directorio Compromiso Minero
UNIVERSIDAD DE CHILE,Dr. Humberto Estay Cuenca,Director Ejecutivo AMTC,U. de Chile,,,"Dir. Ejecutivo AMTC desde mar 2025. 60+ papers, 20 patentes en 6 países. Líder procesos LiSa y AMeLi",,2025-,,,
UNIVERSIDAD DE CHILE,Dra. Diana Comte Selman,Directora I+D+i AMTC,U. de Chile,,,Prof. Titular Geofísica. Lidera proyecto gobernanza hídrica salares de Socaire,,2020-2026,,,
UNIVERSIDAD DE CHILE,Dra. Andreina García,Subdirectora AMTC,U. de Chile,,,"Membranas, MOFs (Metal-Organic Frameworks)",,2020-2026,,,
UNIVERSIDAD DE CHILE,Santiago Montserrat,Investigador Asociado,AMTC - U. de Chile,,,Reinyección de salmueras en salares,,2020-2026,,,
UNIVERSIDAD DE CHILE,Maibelin Rosales,Investigadora postdoc,AMTC - U. de Chile,,,Materiales avanzados. Reconocida 3M '25 mujeres en la ciencia' LATAM,,2020-2026,,,
UNIVERSIDAD DE CHILE,Marcia Ojeda Carreño,Investigadora,AMTC - U. de Chile,,,"Geoestadística, modelamiento yacimientos",,2020-2026,,,
UNIVERSIDAD DE CHILE,Rodrigo Quezada,Investigador,AMTC - U. de Chile,,,Procesos de membranas y litio,,2020-2026,,,
UNIVERSIDAD DE CHILE,Gonzalo Díaz,Investigador,AMTC - U. de Chile,,,Software AIBOS gestión baterías litio para vehículos eléctricos,,2020-2026,,,
UNIVERSIDAD DE CHILE,CEGA - Centro de Excelencia en Geotermia de los Andes,Centro investigación,U. de Chile,Dr. Diego Morata Céspedes,,Geotermia andina; conexión geotermia-salmueras litio,,2020-2026,,,
UNIVERSIDAD DE CHILE,CEN - Centro de Energía Nacional,Centro investigación,U. de Chile,Dr. Willy Kracht Gajardo,,Energía; asesoría gubernamental,,2020-2026,,,
UNIVERSIDAD DE CHILE,Red Litio y Salares UChile,Red de Investigación,U. de Chile,Gonzalo Gutiérrez (Coord.),"Matilde López Muñoz, Antonio Pulgar (FIMA), S. Montserrat, M. Flores, H. Romero, A. Marcoleta","Red transdisciplinaria VID-UChile. 4 líneas: medio ambiente, cs. sociales, tecnología, marco jurídico",,2024-2026,uchile.cl,,Convenio CUECH-Min.Minería
UNIVERSIDAD DE CHILE,Dr. Willy Kracht Gajardo,Investigador/Ex subsecretario,CEN - U. de Chile,,,Ex Subsecretario Minería (2022-23). Dir. CEN. Ex-Dir. CESCO. Ex-Pdte. Corp. Alta Ley. Dir. ITL,,2020-2026,,CEN + ex Subsec. + Alta Ley + ITL,CRUCES: academia→gobierno→academia→ITL. Múltiples roles
UNIVERSIDAD DE CHILE,Dr. Gonzalo Gutiérrez Gallardo,Investigador/Asesor,Depto. Física - U. de Chile,,,Coord. Red Litio y Salares; asesor Min. Minería. Comisión Nacional del Litio. Coautor 'Lithium in Chile' (2024),,2020-2026,,Prof. UChile + Asesor Min. Minería,CRUCES: Asesor ministerial simultáneo
UNIVERSIDAD DE CHILE,Dr. Martín Reich,Investigador,Depto. Geología - U. de Chile,,,Dir. Millennium Nucleus NMTM; 11.900+ citas. Miembro Academia Chilena Ciencias. Panelista CEMEC,,2020-2026,,,Panelista CEMEC; miembro directorio 2025
UNIVERSIDAD DE CHILE,Hugo Romero Aravena,Investigador,Depto. Geografía - U. de Chile,,,Disputas agua Salar Atacama. Proyecto 'Worlds of Lithium' (ERC),,2020-2026,,,
UNIVERSIDAD DE CHILE,Marcos Flores Carrasco,Investigador,Depto. Física - U. de Chile,,,Baterías ion litio; nanoestructuras. Fondecyt en baterías,,2020-2026,,,
UNIVERSIDAD DE CHILE,Héctor Morales Morgado,Investigador,Depto. Antropología - U. de Chile,,,Etnopolítica Atacama. 'Recomendaciones gobernanza salares' (2023),,2020-2026,,,
UNIVERSIDAD DE CHILE,Matilde López Muñoz,Investigadora,Fac. Cs. Forestales - U. de Chile,,,"Ecología humedales, salares (Surire, Atacama). Red Litio y Salares",,2020-2026,,,
UNIVERSIDAD DE CHILE,Antonio Pulgar Martínez,Investigador vinculado,ONG FIMA / Red Litio UChile,,,"Derecho ambiental, justicia ecológica en salares",,2020-2026,,,CRUCES: ONG FIMA + Red universitaria
UNIVERSIDAD DE CHILE,Dra. Rosa Devés Alessandri,Rectora U. Chile,U. de Chile,,,"1ª rectora mujer UChile. Columna 'Litio, ciencia y tecnología' con Min. Ciencia (2023)",,2022-2026,,,Vicepresidenta CUECH
UNIVERSIDAD DE CHILE,Joaquín Castillo,Investigador,U. de Chile,,,Coautor estudio subsidencia salar (IEEE Transactions),,2024-2026,,,
UNIVERSIDAD DE CHILE,Rodrigo Fuster,Dir. Investigación AMTC,U. de Chile,,,Reunión fundacional grupo litio UChile (mar 2024),,2024-2026,,,
UNIVERSIDAD DE CHILE,Dr. Diego Morata Céspedes,Investigador,CEGA - U. de Chile,,,Director CEGA; geotermia andina,,2020-2026,,,
UNIVERSIDAD DE CHILE,Andrés Marcoleta,Investigador,Fac. Ciencias - U. de Chile,,,"Microbiología integrativa, taxonomía microbiana. IP ANILLO Talackutur",,2020-2026,,,
UNIVERSIDAD DE CHILE,José Miguel Benavente,Profesor UChile y UAI,,,,Ex VP CORFO → diseñó ENL → retorna a academia. Firmante acto fundacional INLiSa,[Cruce: Estado-Academia-Internacional],,,,
UNIVERSIDAD DE CHILE,Ana Lya Uriarte,Docente U. Chile,,,,Ex ministra; instancia asesora sobre litio,[Cruce: Estado-Academia],,,,
UNIVERSIDAD DE CHILE,Telye Yurisch Toledo,Economista Terram / Docente,,,,Triple rol: ONG + academia + asesoría estatal. Estudios transparencia litio,[Cruce: ONG-Academia-Estado],,,,
UNIVERSIDAD DE CHILE,Francisco Mondaca Espíndola,Dirigente/Coinvestigador,,,,'Ciencia comunitaria': dirigente atacameño coproduce investigación,[Cruce: Comunidad-Academia],,,,
UNIVERSIDAD CATÓLICA DEL NORTE (UCN),Centro Lithium I+D+i UCN,Centro Investigación,UCN,Jaime Chacana (Dir.),"Constanza Cruz, Sergio Conejeros, Leire Zubizarreta, F. Tapia Ubeda, Andrea Jara, L. Wong Pinto, A. Mestra","Baterías litio, reciclaje, nuevos materiales. US$8M SQM. Primeras baterías chilenas. Alianzas: Fraunhofer ISE, ITE Valencia, Georgia Tech, LUT U., TU Freiberg",,2022-2026,www.lithium.ucn.cl,,Financiamiento SQM US$8M
UNIVERSIDAD CATÓLICA DEL NORTE (UCN),Constanza Cruz Rojas,Investigadora principal,UCN / Lithium I+D+i,,,"IP dos Anillos (Sociotecnologías + RecLIBs) + Lithium I+D+i. Dir. Diplomado 'Producción, Uso y Reciclaje del Litio' (UCN-UA-SQM). Tratamiento de aguas",,2020-2026,,Lithium UCN + 2 ANILLOs + Diplomado,CRUCES: Multi-proyecto. Dir. Diplomado con financiamiento SQM
UNIVERSIDAD CATÓLICA DEL NORTE (UCN),Dr. Jaime Chacana Olivares,Dir. Centro Lithium / Dir. ANILLO RecLIBs,UCN,,,Dir. Centro Lithium I+D+i. Dir. ANILLO RecLIBs. Reciclaje baterías. Publicación Nature (2025),,2020-2026,,,
UNIVERSIDAD CATÓLICA DEL NORTE (UCN),Sergio Conejeros Espíndola,Investigador,Lithium I+D+i UCN,,,Líder Nuevos Materiales y Celdas Batería. 500+ citas. Primeras baterías chilenas. Materiales catódicos/anódicos,,2020-2026,,,Colaboración ITE España
UNIVERSIDAD CATÓLICA DEL NORTE (UCN),Francisco Javier Tapia Ubeda,Investigador,Lithium I+D+i UCN,,,Miembro destacado liderazgo interno del centro,,2020-2026,,,
UNIVERSIDAD CATÓLICA DEL NORTE (UCN),Liey-Si Wong Pinto,Investigadora,Lithium I+D+i UCN,,,"Biomineralización, ambientes extremos",,2020-2026,,,
UNIVERSIDAD CATÓLICA DEL NORTE (UCN),Alifhers Mestra,Investigador postdoc,Lithium I+D+i UCN,,,"Materiales catódicos/anódicos, carbones de biomasa",,2024-2026,,,
UNIVERSIDAD CATÓLICA DEL NORTE (UCN),Jonathan Cisterna,Investigador,Lithium I+D+i UCN,,,Electrolitos sólidos híbridos,,2020-2026,,,
UNIVERSIDAD CATÓLICA DEL NORTE (UCN),Rodrigo Castillo,Investigador,Lithium I+D+i UCN,,,Fabricación de baterías,,2020-2026,,,
UNIVERSIDAD CATÓLICA DEL NORTE (UCN),Jaime Llanos,Investigador,Lithium I+D+i UCN,,,Fabricación de baterías,,2020-2026,,,
UNIVERSIDAD CATÓLICA DEL NORTE (UCN),Ronald Nelson,Investigador,Lithium I+D+i UCN,,,Fabricación de baterías,,2020-2026,,,
UNIVERSIDAD CATÓLICA DEL NORTE (UCN),Darío Espinoza,Investigador,Lithium I+D+i UCN,,,Fabricación de baterías,,2020-2026,,,
UNIVERSIDAD CATÓLICA DEL NORTE (UCN),Fernando Guzmán,Investigador,Lithium I+D+i UCN,,,Fabricación de baterías,,2020-2026,,,
UNIVERSIDAD CATÓLICA DEL NORTE (UCN),Francisco Calderón,Investigador,Lithium I+D+i UCN,,,Fabricación de baterías,,2020-2026,,,
UNIVERSIDAD CATÓLICA DEL NORTE (UCN),Luis Rojas,Investigador,Lithium I+D+i UCN / CEITSAZA,,,Reciclaje baterías litio. IP ANILLO RecLIBs. Sec. Investigación Fac. Ciencias,,2020-2026,,,
UNIVERSIDAD CATÓLICA DEL NORTE (UCN),Leire Zubizarreta,Investigadora,ITE España / Lithium UCN,,,Responsable Línea Materiales Baterías. PhD U. Oviedo,,2024-2026,,,
UNIVERSIDAD CATÓLICA DEL NORTE (UCN),Dra. Andrea Jara Sandoval,Investigadora,Lithium I+D+i UCN,,,"Biominería urbana, biotecnología reciclaje. ANILLO Talackutur",,2020-2026,,,
UNIVERSIDAD CATÓLICA DEL NORTE (UCN),CEITSAZA,Centro investigación,UCN,Dr. Christian Herrera Lameli,"Martha Hengst, Joseline Tapia, Bárbara Fuentes, Yaneska Tapia, Natalia Gutiérrez, Javier Urrutia",Hidrogeología salares; gestión agua zonas áridas. Convenio UCN-SQM,,2020-2026,ceitsaza.ucn.cl,,
UNIVERSIDAD CATÓLICA DEL NORTE (UCN),Dr. Christian Herrera Lameli,Dir. CEITSAZA,UCN,,,Hidrogeología Salar Atacama. Convenio UCN-SQM. Diplomado Hidrogeología Salares,,2020-2026,,,Convenio directo UCN-SQM
UNIVERSIDAD CATÓLICA DEL NORTE (UCN),Dra. Martha Hengst López,Investigadora / Vicerrectora Académica UCN,UCN / CEITSAZA,,,Microbiología ambientes extremos. Vicerrectora Académica UCN. Dir. proyecto Salar de La Isla,,2020-2026,,,Dual investigadora-directiva universitaria
UNIVERSIDAD CATÓLICA DEL NORTE (UCN),Joseline Tapia Zamora,Investigadora,UCN / CEITSAZA,,,"Prof. Asociada, Dir. Lab. Geoquímica. Dir. Alterna proyecto Salar de La Isla",,2020-2026,,,
UNIVERSIDAD CATÓLICA DEL NORTE (UCN),Dra. Bárbara Fuentes Siegmund,Investigadora,UCN / CEITSAZA,,,Dir. Lab. Bioprocesos. Dir. Alterna ANILLO Talackutur,,2020-2026,,,
UNIVERSIDAD CATÓLICA DEL NORTE (UCN),Natalia Gutiérrez Roa,Investigadora,CEITSAZA UCN,,,Agricultura con agua de mar en zonas áridas,,2020-2026,,,
UNIVERSIDAD CATÓLICA DEL NORTE (UCN),IIAM - Inst. Inv. Antropológica y Museo Le Paige,Instituto,UCN,,"Weinberg, Figueroa, Gundermann, Galaz-Mandakovic, Kalazich","Antropología, arqueología, historia territorios mineros litio",,2020-2026,,,
UNIVERSIDAD CATÓLICA DEL NORTE (UCN),Dr. Sebastián Herrera León,Investigador,UCN / U. O'Higgins,,,Dir. ANILLO Sociotecnologías (ATE240017). Libro 'Desafíos DLE' (2025),,2020-2026,,,
UNIVERSIDAD CATÓLICA DEL NORTE (UCN),Dr. Hernán Cáceres Venegas,Ex Dir. Lithium UCN → Dir. INLiSa,UCN / INLiSa,,,PhD U. Buffalo. Ex Decano UCN. Ex Dir. Lithium → Dir. Ejecutivo INLiSa,,2020-2026,,INLiSa + UCN + SQM,Triple cruce Estado-Academia-Empresa
UNIVERSIDAD CATÓLICA DEL NORTE (UCN),Dr. Francisco Remonsellez Fuentes,Investigador,UCN / CEITSAZA,,,"Dir. ANILLO Talackutur (ATE240012). 1.237 citas. Microbiología, biotecnología",,2020-2026,,,
UNIVERSIDAD CATÓLICA DEL NORTE (UCN),Dra. Claudia Núñez Soto,Investigadora,UCN / Lithium I+D+i,,,"DLE electroquímico Salar Atacama (pruebas nov 2024). 'Mujer Líder 2024'. Asoc. ANILLO DLE (ATE240005). Ex NASA, BHP",,2020-2026,,,Puente UCN-UC vía ANILLO DLE
UNIVERSIDAD CATÓLICA DEL NORTE (UCN),Dr. Claudio Leiva,Investigador,UCN,,,Líder Lab. Validación Tecnologías Procesos Litio (jun 2024),,2020-2026,,,
UNIVERSIDAD CATÓLICA DEL NORTE (UCN),Dr. Damir Galaz-Mandakovic,Investigador,IIAM - UCN,,,Dr. Antropología (Rennes II). Soberanía minera. Red IRP ATACAMA-SHS,,2020-2026,,,
UNIVERSIDAD CATÓLICA DEL NORTE (UCN),Dr. Hans Gundermann Kröll,Investigador,IIAM - UCN / TEA,,,Dir. IIAM. Comunidades indígenas y empresas litio (2018). IP ANILLO LiOness,,2020-2026,,,CRUCES: Antropólogo IIAM-UCN. Investigación sistemática comunidades indígenas-litio.
UNIVERSIDAD CATÓLICA DEL NORTE (UCN),Marina Weinberg,Investigadora,IIAM - UCN,,,Dir. 'Worlds of Lithium' (ERC). Dir. ANILLO LiOness (ATE240007). 412+ citas,,2020-2026,,,CRUCES: Dir. LiOness UCN + Worlds of Lithium (ERC). Cruce academia nacional-financiamiento europeo.
UNIVERSIDAD CATÓLICA DEL NORTE (UCN),Valentina Figueroa Larre,Investigadora,IIAM - UCN,,,PhD Arqueología (Paris 1). Dir. Alterna ANILLO LiOness. 'Metaquímicas del litio',,2020-2026,,,
UNIVERSIDAD CATÓLICA DEL NORTE (UCN),Fernanda Kalazich,Investigadora,IIAM - UCN,,,"Arqueología, patrimonio extractivista. Asociada ANILLO LiOness",,2020-2026,,,
UNIVERSIDAD CATÓLICA DEL NORTE (UCN),Begoña Peceño Capilla,Investigadora,UCN (Coquimbo),,,"Reciclaje sostenible, eco-paneles. IP ANILLO RecLIBs",,2024-2026,,,
UNIVERSIDAD CATÓLICA DEL NORTE (UCN),Dra. María Esperanza Gálvez Estay,Investigadora,UCN,,,"Dir. Depto. Ing. Química. Procesos hidrometalúrgicos, DLE, túneles de viento",,2020-2026,,,
UNIVERSIDAD CATÓLICA DEL NORTE (UCN),Guillermo Chong Díaz,Investigador,UCN,,,Coloquio Primer Tribunal Ambiental sobre litio,,2024-2026,,,
UNIVERSIDAD CATÓLICA DEL NORTE (UCN),Marcelo Lufin-Varas,Investigador,UCN (Economía),,,M.A. Georgetown. Inv. ANILLO Sociotecnologías (ATE240017),,2020-2026,,,
UNIVERSIDAD CATÓLICA DEL NORTE (UCN),Emilio Gálvez-Corrales,Investigador,UCN (Ing. Química),,,IP ANILLO Sociotecnologías (ATE240017),,2024-2026,,,
UNIVERSIDAD CATÓLICA DEL NORTE (UCN),Carolina Rojas-Córdova,Investigadora,UCN (Ingeniería),,,IP ANILLO Sociotecnologías (ATE240017). Management,,2024-2026,,,
UNIVERSIDAD CATÓLICA DEL NORTE (UCN),Yecid E. Milián,Investigador,UCN / Lithium I+D+i,,,Tecnologías emergentes reciclaje LIB. Vinculado RecLIBs,,2024-2026,,,
UNIVERSIDAD CATÓLICA DEL NORTE (UCN),Nataly Jamett,Investigadora,UCN,,,Tecnologías reciclaje LIB. Vinculada RecLIBs,,2024-2026,,,
UNIVERSIDAD CATÓLICA DEL NORTE (UCN),Dusan Paredes,"Académico, UCN",UCN,,,Ex-Decano Facultad Economía y Administración UCN; ex-Director Depto Economía UCN; Presidente Sociedad Chilena Estudios Regionales,,2020-2026,,,Reubicado desde 'Actores Financieros'
UNIVERSIDAD CATÓLICA DEL NORTE (UCN),Fernando Álvarez,"Decano, UCN",UCN,,,Decano Facultad de Economía UCN,,2020-2026,,,Reubicado desde 'Actores Financieros'
UNIVERSIDAD CATÓLICA DEL NORTE (UCN),Hernán Cáceres Venegas,Dir. INLiSa / ex-Decano UCN,,,,Triple cruce: INLiSa estatal + UCN + financiamiento SQM,[Cruce: Estado-Academia-Empresa],,,,
UNIVERSIDAD CATÓLICA DEL NORTE (UCN),Francisco Mondaca Espíndola,Dirigente/Coinvestigador,,,,'Ciencia comunitaria': dirigente atacameño coproduce investigación,[Cruce: Comunidad-Academia],,,,
UNIVERSIDAD DE ANTOFAGASTA,CELIMIN,Centro investigación,U. Antofagasta,Dr. Mario Grágeda Zegarra,"Svetlana Ushak, Aleksei Llusco, M. Judith Cruz, Yanio Milián, Sagar Panwar, Reina Flores","Litio, materiales avanzados, baterías. IWLiME. Alianzas: SQM (US$2M), Argonne Nat.Lab, Columbia CLCA, Tianqi Lithium, Geolith",,2020-2026,www.celimin.com,,SQM + Tianqi Lithium como contrapartes
UNIVERSIDAD DE ANTOFAGASTA,Dr. Mario Grágeda Zegarra,Dir. CELIMIN,U. Antofagasta,,,"1.952 citas. Patentes Chile y Corea del Sur. Hidróxido litio, materiales catódicos",,2020-2026,,,
UNIVERSIDAD DE ANTOFAGASTA,Dra. Svetlana Ushak,Investigadora senior,CELIMIN,,,"Almacenamiento térmico, PCM, nanofluidos. Experta extranjera nombrada por China",,2020-2026,,,
UNIVERSIDAD DE ANTOFAGASTA,Aleksei Llusco,Investigador doctoral,CELIMIN,,,Nanopartículas LiMn₂O₄,,2020-2026,,,
UNIVERSIDAD DE ANTOFAGASTA,Yanio Milián,Investigador postdoc,CELIMIN,,,FONDECYT postdoctorado en materiales,,2020-2026,,,
UNIVERSIDAD DE ANTOFAGASTA,Sagar Panwar,Investigador postdoc,CELIMIN,,,Incorporado 2025,,2025-,,,
UNIVERSIDAD DE ANTOFAGASTA,Dr. Teofilo Graber,Investigador,U. de Antofagasta,,,Electrodiálisis,,2020-2026,,,
UNIVERSIDAD DE ANTOFAGASTA,Dra. Cristina Dorador Ortiz,Investigadora,U. Antofagasta,,,Dir. ANILLO MESS (ATE240021). Microbiología salares. Nodo Lab Natural Salares. Ex constituyente,,2020-2026,,UA + Constituyente + OPSAL + perita,Cuádruple cruce Academia-Estado-ONG-Comunidades
UNIVERSIDAD DE ANTOFAGASTA,Dra. Ingrid Garcés Millas,Investigadora,U. Antofagasta / OPSAL,,,Hidrogeología; cofundadora OPSAL. 40+ años UA. Inv. ANILLO Sociotecnologías,,2020-2026,,UA + OPSAL,Academia-ONG. También en ANILLO ATE240017
UNIVERSIDAD DE ANTOFAGASTA,Pía Hernández Avendaño,Investigadora,U. Antofagasta / CECPI / AMTC asoc.,,,"Cristalización, lixiviación, líquidos iónicos. IP ANILLO Diversificación UDA (ATE240006)",,2020-2026,,,Multi-afiliación UA-AMTC-ANILLO UDA
UNIVERSIDAD DE ANTOFAGASTA,Dr. Luis Cisternas Arapio,Investigador,U. Antofagasta / AMTC (asoc.),,,Prof. Titular; Dir. Doctorado. Asociado AMTC UChile,,2020-2026,,,Puente UA-UChile vía AMTC
UNIVERSIDAD DE ANTOFAGASTA,Miguel Atienza Úbeda,Investigador,UCN (Economía),,,Dir. Depto. Economía UCN. PhD U. Sussex. Impacto China en litio,,2020-2026,,,
UNIVERSIDAD DE CONCEPCIÓN,CRHIAM,Centro investigación,U. de Concepción,Dra. Gladys Vidal (Dir.); Leopoldo Gutiérrez (Subdir.),"Fernanda Álvarez, Amaya Álvez, Ricardo Jeldres",Gestión hídrica; sustentabilidad Salar Atacama. Procesamiento salmueras,,2020-2026,crhiam.cl,,
UNIVERSIDAD DE CONCEPCIÓN,Dra. Fernanda Álvarez Amado,Investigadora,UdeC / CRHIAM,,,Dir. ANILLO SALARES (ATE240013). Jefa Carrera Geología. IP OASIS. Adjunta CRHIAM,,2020-2026,,SALARES + OASIS + CRHIAM + AMTC,Posiblemente la investigadora con más cruces
UNIVERSIDAD DE CONCEPCIÓN,Dr. Joaquín Cortés Aranda,Investigador,UdeC,,,Dir. Alterno ANILLO SALARES. Dir. Doctorado Cs. Geológicas. 376 citas,,2020-2026,,,
UNIVERSIDAD DE CONCEPCIÓN,Dra. Amaya Álvez Marín,Investigadora,UdeC (Derecho) / CRHIAM,,,IP ANILLO SALARES. Gobernanza del agua. Ex Constituyente 2021-22,,2020-2026,,,Academia-Estado (Constituyente)
UNIVERSIDAD DE CONCEPCIÓN,Dr. Ricardo Jeldres,Investigador,CRHIAM,,,Procesamiento de salmueras,,2020-2026,,,
UNIVERSIDAD DE CONCEPCIÓN,Dra. Bárbara Jerez Henríquez,Investigadora,U. Los Lagos / CEDER,,,Ecología política litio. OCMAL 2018. 'Eco-colonialidad extractivismo litio' 2023,,2020-2026,,,
UNIVERSIDAD DE CONCEPCIÓN,SMI-ICE Chile,Centro investigación,U. Queensland / UdeC,Dr. Douglas Aitken (Dir. Ejecutivo),"Francisca Rivero (Dir. Alterna/GM), J. Wiertz, F. Saavedra, N. Wight, D. Rubinos, G. García, D. Vega, D. Choque","Minería sustentable, Programa Salares Sustentables, Litio 360. Convenio Codelco 2025",,2015-,smiicechile.cl,,'Chile's lithium exceptionalism' |  Reportes: Modelo trilateral academia internacional-nacional-empresa estatal. Investigación FPIC minería-comunidades indígenas.
UNIVERSIDAD DE CONCEPCIÓN,Dr. Douglas Aitken,Director Ejecutivo,SMI-ICE Chile,,,"LCA, recursos hídricos. Moderador Litio 360",,2015-,,,
UNIVERSIDAD DE CONCEPCIÓN,Francisca Rivero,Directora Alterna / GM,SMI-ICE Chile,,,"Desempeño social, cierre de minas",,2020-2026,,,
UNIVERSIDAD DE CONCEPCIÓN,Nigel Wight,Investigador Senior,SMI-ICE Chile,,,FPIC en minería Chile. 'Chile's lithium exceptionalism',,2015-,,,CRUCES: SMI-ICE Chile. Investigación FPIC minería-comunidades indígenas.
UNIVERSIDAD DE CONCEPCIÓN,Giovana García,Investigadora,SMI-ICE Chile,,,"Ing. Civil Minas UdeC, MSc Imperial College. Recursos hídricos",,2024-2026,,,
UNIVERSIDAD DE CONCEPCIÓN,Felipe Saavedra Mella,Investigador,SMI-ICE Chile / Centro C+ UDD,,,PhD Cs. ambientales. 10+ años. ANILLO OASIS. Rehabilitación ambiental,,2020-2026,,,
UNIVERSIDAD DE CONCEPCIÓN,Dr. David Rubinos,Investigador,SMI-ICE Chile,,,"Dr. Farmacia U. Santiago de Compostela. Biogeoquímica, ecotoxicología",,2020-2026,,,
UNIVERSIDAD DE CONCEPCIÓN,Jacques Wiertz,Investigador Senior,SMI-ICE Chile,,,"Gestión de relaves, cierre de minas",,2020-2026,,,
UNIVERSIDAD DE CONCEPCIÓN,Dennis Vega,Investigador,SMI-ICE Chile,,,Procesamiento de minerales,,2020-2026,,,
UNIVERSIDAD DE CONCEPCIÓN,Dante Choque Caseres,Investigador Senior,SMI-ICE Chile,,,Investigador Senior,,2020-2026,,,
PONTIFICIA UNIVERSIDAD CATÓLICA (UC),Centro de Energía UC,Centro Investigación,UC,Dr. Álvaro Videla Leiva,"Félix Rojas, Javier Pereda, Sergio Vera, René Rojas, Donovan Díaz, Ángel Leiva, Eduardo Schott, Arturo Morandé (Coord.)",Principal polo DLE. Lidera ANILLO ATE240005. Convenio Rockwood/Albemarle 2015-16. Diplomado Química del Litio,,2020-2026,energia.uc.cl,,Convenio Albemarle + SQM (patrocinio ANILLO)
PONTIFICIA UNIVERSIDAD CATÓLICA (UC),CLAPES UC,Centro de políticas,UC,Hernán de Solminihac,,Think tank UC. 'Cómo maximizar valor del litio'. Puente academia-policy,,2020-2026,,,
PONTIFICIA UNIVERSIDAD CATÓLICA (UC),Felipe Larraín,Centro de Investigación,Chile,,,"Director | Análisis económico de políticas de litio en Chile. Seminario ""¿Estamos a Tiempo?"" sobre litio (nov 2024)",,2020-2026,,,Cruce Think Tank-Estado: Ex Ministro de Hacienda de Chile | Reubicado desde 'ONGs y ambiente' (sección ¿A dónde mover?); fusionado con entrada CLAPES UC existente
PONTIFICIA UNIVERSIDAD CATÓLICA (UC),Dr. Álvaro Videla Leiva,Dir. Centro Energía UC,UC,,,PhD U. Utah. Co-Dir. ANILLO ATE240005. Dir. Gral. CILithium,,2020-2026,,,Dir. CILithium (articulación global)
PONTIFICIA UNIVERSIDAD CATÓLICA (UC),Dr. René Rojas Guerrero,Dir. ANILLO DLE,Fac. Química UC,,,"Dir. ANILLO ATE240005 DLE. Convenio Rockwood Litio. DLE, baterías, reciclaje",,2020-2026,,,Convenio empresa litio (Albemarle)
PONTIFICIA UNIVERSIDAD CATÓLICA (UC),Dr. Donovan Díaz,Dir. Alterno ANILLO DLE,Instituto de Física UC,,,"Nanomateriales, óxido de grafeno",,2020-2026,,,
PONTIFICIA UNIVERSIDAD CATÓLICA (UC),Dr. Félix Rojas Lobos,Dir. Alterno Centro Energía,Ing. Eléctrica UC,,,Dr.-Ing. TU München. 'Segunda vida' litio (2023),,2020-2026,,,
PONTIFICIA UNIVERSIDAD CATÓLICA (UC),Dr. Javier Pereda Torres,Investigador,Ing. Eléctrica UC,,,"Vehículos eléctricos, industria baterías litio Chile",,2020-2026,,,Ex Minera Escondida (BHP)
PONTIFICIA UNIVERSIDAD CATÓLICA (UC),Dr. Ángel Leiva,IP ANILLO DLE,Fac. Química UC,,,Prof. Titular. Polímeros y nanomateriales. Centro CIEN UC,,2020-2026,,,
PONTIFICIA UNIVERSIDAD CATÓLICA (UC),Dr. Eduardo Schott,Investigador,Centro de Energía UC,,,"Prof. Asistente. Almacenamiento en materiales, MOFs",,2020-2026,,,
PONTIFICIA UNIVERSIDAD CATÓLICA (UC),Dr. Sergio Vera Araya,Investigador,UC,,,Edificios sustentables; CEDEUS,,2020-2026,,,
PONTIFICIA UNIVERSIDAD CATÓLICA (UC),Dr. Gustavo Lagos Cruz-Coke,Investigador,PUC - Ing. Minería,,,"Fundador CESCO (1986). 'El litio, un nuevo recurso para Chile'. Máximo experto histórico",,2020-2026,,,"Fundador CESCO + ex SQM | Desde AF-Economistas: Pionero del litio en Chile; autor estudios fundamentales sobre el recurso; panelista ""Hablemos de litio"" (El Mostrador, mar 2024) junto con Daniela Desormeaux.  CRUCES: Referencia histórica del debate sobre litio chileno; perspectiva de largo plazo sobre el recurso"
PONTIFICIA UNIVERSIDAD CATÓLICA (UC),Dra. María Elina Cruz Tanhnuz,Investigadora,Fac. Derecho UC,,,PhD Economía U. Bristol. Ex jefa jurídica CORFO (litio). Directorio 1TA,,2024-2026,,,Ex CORFO → academia
PONTIFICIA UNIVERSIDAD CATÓLICA (UC),Dr. José Joaquín Jara Donoso,Investigador,Ing. Minería UC,,,Dir. CESCO. Coord. Comité Consultivo Alto Nivel ENL,,2020-2026,,,Todos los espacios consultivos litio |  CRUCES: UC. Coord. Comité Consultivo Alto Nivel política litio. Miembro Directorio CESCO.
PONTIFICIA UNIVERSIDAD CATÓLICA (UC),Dr. Juan Ignacio Guzmán,Investigador/Consultor,Ing. Minería UC,,,Economía minera. Gerente GEM,,2020-2026,,,Dual academia-consultora
PONTIFICIA UNIVERSIDAD CATÓLICA (UC),Dr. John E. Tilton,Investigador emérito,Colorado School of Mines / UC,,,Economía minerales. Consultor políticas litio Chile desde 1984,,2020-2026,,,
PONTIFICIA UNIVERSIDAD CATÓLICA (UC),Dr. Jonathan R. Barton,Investigador,Inst. Geografía UC,,,"Ecología política, extractivismo. CEDEUS",,2020-2026,,,
PONTIFICIA UNIVERSIDAD CATÓLICA (UC),Manuel Tironi,Investigador,CEDEL UC,,,4 años con Sonia Ramos: vulcanología lickanantay y justicia cosmo-geológica,,2020-2026,,,Puente academia-comunidad indígena |  CRUCES: UC-CEDEL. 4+ años colaboración comunidades lickanantay. Coautoría con Sonia Ramos Chocobar.
PONTIFICIA UNIVERSIDAD CATÓLICA (UC),Martín Becerra Ruiz,Investigador postdoc,ANILLO ATE240005 / UC,,,PhD Química UC. Tecnologías DLE,,2024-2026,,,
PONTIFICIA UNIVERSIDAD CATÓLICA (UC),Jairo Navarro Durán,Ing. de proyectos,Centro de Energía UC,,,Informe condiciones extracción litio Triángulo,,2024-2026,,,
PONTIFICIA UNIVERSIDAD CATÓLICA (UC),Sebastián Gallegos,Investigador,Centro de Energía UC,,,Coautor 'Intro Tecnologías DLE' (2025),,2024-2026,,,Ex Codelco
PONTIFICIA UNIVERSIDAD CATÓLICA (UC),Dra. Daniela Ortega Ulloa,Investigadora asociada ANILLO DLE,UBO / CIBQA,,,"PhD Química UC. Química computacional, catálisis, MOFs. 800+ citas",,2024-2026,,,
PONTIFICIA UNIVERSIDAD CATÓLICA (UC),Fabiola Orrego,Investigadora,PUC (Cs. Biológicas),,,ANILLO Sociotecnologías (ATE240017),,2024-2026,,,
PONTIFICIA UNIVERSIDAD CATÓLICA (UC),Adina Paytan,Colaboradora internacional,"UC Santa Cruz, EEUU",,,"Biogeoquímica, geoquímica salmueras. Colaboradora OASIS",,2024-2026,,,
PONTIFICIA UNIVERSIDAD CATÓLICA (UC),Máximo Pacheco Matte,Escuela Gobierno PUC,,,,Pdte. Codelco. Ex Min. Energía. Compra Lithium Power US$236M,[Cruce: Estado-Empresa-Academia],,,,Familia Matte-Alessandri
PONTIFICIA UNIVERSIDAD CATÓLICA (UC),Hernán de Solminihac,Dir. CLAPES UC,,,,Ex Min. Minería. Ex dir. Codelco. Comité Minerales Críticos,[Cruce: Estado-Academia],,,,
PONTIFICIA UNIVERSIDAD CATÓLICA (UC),Daniela Desormeaux,Docente PUC y UDD / Consultora,,,,'La que más sabe de litio'. Vantaz Group. CESCO,[Cruce: Academia-Empresa-Estado],,,,
PONTIFICIA UNIVERSIDAD CATÓLICA (UC),Sonia Ramos Chocobar,Coinvestigadora / Dirigente,,,,Dirigente lickanantay. Coautora con Tironi en PUC/CEDEL,[Cruce: Comunidad-Academia-ONG],,,,
UNIVERSIDAD DE ATACAMA,Dr. Jonathan Castillo Segura,Dir. ANILLO Diversificación (ATE240006),U. Atacama,,,"Hidrometalurgia, líquidos iónicos, minería verde. 712 citas. Primer ANILLO adjudicado por UDA",ATE240006,2020-2026,,,Enfoque de género
UNIVERSIDAD DE ATACAMA,Rossana Sepúlveda Rivera,Investigadora,U. Atacama (Metalurgia),,,"Hidrometalurgia, tecnologías limpias. IP ANILLO Diversificación (ATE240006)",,2024-2026,,,
UNIVERSIDAD DE ATACAMA,Dra. Vania Rojas Fuentes,Investigadora,AMTC UChile / ANILLO UDA,,,"Nanomateriales, membranas, líquidos iónicos. IP ANILLO ATE240006. Perspectiva género",,2020-2026,,,Puente UDA-UChile-UA
UNIVERSIDAD DE ATACAMA,Natalia Martínez,Investigadora,"UChile, AMTC",,,Síntesis y caracterización materiales. ANILLO ATE240006,,2024-2026,,,
UNIVERSIDAD DE ATACAMA,Vicente Montaner Tartakowsky,Memorista pregrado,"UChile, Ing. Civil Minas",,,ANILLO ATE240006,,2024-2026,,,
UNIVERSIDAD DE ATACAMA,Dr. Mauricio Lorca,Investigador/Funcionario,UDA / SERNAGEOMIN,,,Subdirector Nal. Geología SERNAGEOMIN. 'Water injustices' (2022). Alianza BGS 2026,,2020-2026,,,Academia + funcionario público |  CRUCES: UDA. Capacitación pueblo Colla sobre minería litio. Articulación academia-comunidad.
UNIVERSIDAD DE SANTIAGO (USACH),Centro Litio y Minerales Avanzados,Centro investigación,USACH,Dra. María José Galotto López,"Alonso Arellano, Julio Romero (VRIDEI)",Creado 2019. Concesión 5.900 ha Salar de Llamara,,2019-2026,,,Universidad estatal en negocio litio
UNIVERSIDAD DE SANTIAGO (USACH),Dr. Alonso Arellano Baeza,Dir. Centro Litio USACH,USACH,,,PhD U. Estatal Moscú. Representante ante CCHEN (2018),,2020-2026,,,
UNIVERSIDAD DE SANTIAGO (USACH),Dr. Domingo Ruiz León,Investigador,USACH,,,"'Lithium in Chile' (2024, 20+ citas). Consejo Estratégico Alta Ley. Cumbre Litio 2023",,2020-2026,,,Participación Alta Ley
UNIVERSIDAD DE SANTIAGO (USACH),Dr. Mohammad Ayaz Alam,Investigador / Presidente CEMEC,USACH / CEMEC,,,"PhD UChile + IIT Bombay. Geoquímica, litio-geotermal. Subdirector VIME USACH",,2020-2026,,,Academia (USACH) + CEMEC |  CRUCES: Presidente CEMEC 2025 (USACH). Convergencia academia-consultores-expertos mineros.
UNIVERSIDAD DE SANTIAGO (USACH),Santiago P. Oliva Peirano,Investigador,USACH,,,Topografía de Minas. Miembro Cámara del Litio,,2020-2026,,,Cámara del Litio + academia
UNIVERSIDAD DE SANTIAGO (USACH),Marcelo Caverlotti Silva,Investigador,USACH,,,Dir. Depto. Ing. Geoespacial. Miembro Cámara del Litio,,2020-2026,,,Cámara del Litio + academia
UNIVERSIDAD DE SANTIAGO (USACH),Dr. Diego Fuentealba,Investigador,USACH,,,Policy brief 'Desafíos DLE: sistemas sociotecnológicos',,2020-2026,,,
UNIVERSIDAD DE SANTIAGO (USACH),Dra. María José Galotto López,Dir. Centro Litio USACH,USACH,,,Depto. Gestión Tecnológica,,2020-2026,,,
UNIVERSIDAD DEL DESARROLLO (UDD),Centro C+,Centro Investigación,UDD,Camilo Rodríguez Beltrán (Dir.),"M. Calderón, M.E. Alcamán, A. Escare, Zoe Fleming",Lidera OASIS. Foro Litio 360°. 'Aula Salar' con UCN,,2020-2026,ingenieria.udd.cl/c+,,
UNIVERSIDAD DEL DESARROLLO (UDD),Dr. Mauricio Calderón Nettle,Dir. OASIS (ATE240015),UDD (Centro C+),,,"Geólogo UChile, PhD UChile. Comité Journal of the Geological Society 2024",,2020-2026,,,"CRUCES: Dir. Proyecto OASIS (UDD, UDA, UNAB, UFRO). Cruce interinstitucional observatorio salares."
UNIVERSIDAD DEL DESARROLLO (UDD),Dra. María Estrella Alcamán,Dir. Alterna OASIS / IP SALARES,UDD (Centro C+),,,"Ambientes extremos, microbiología salares. Conecta OASIS con SALARES",,2020-2026,,,Multi-proyecto OASIS + SALARES
UNIVERSIDAD DEL DESARROLLO (UDD),Andrés Escare,Investigador,"UDD, Geología / C+",,,"Geología, hidrogeología",,2020-2026,,,
UNIVERSIDAD DEL DESARROLLO (UDD),Zoe Fleming,Investigadora,"UDD, Grupo EnviroHealth",,,Grupo EnviroHealth Dynamics,,2020-2026,,,
UNIVERSIDAD DEL DESARROLLO (UDD),Petra Wallem Stein,Investigadora,OASIS / UDD,,,Socioecología. Justicia ambiental,,2024-2026,,,
UNIVERSIDAD DEL DESARROLLO (UDD),Valentina Mura,Investigadora postdoc,UDD,,,Geociencias. ANILLO OASIS,,2024-2026,,,
OTRAS UNIVERSIDADES PARTICIPANTES,U. Mayor - Centro GEMA,U. / Centro,U. Mayor,Dr. Fernando Alfaro Ayllón,"Dinka Mandakovic, Fabiola Pineda, M.P. Fernández",Dir. ANILLO OSSADA (ATE240004). 3.100+ citas. 14 estudiantes pre/postgrado. 15 salares en 3 categorías,,2024-2026,,,
OTRAS UNIVERSIDADES PARTICIPANTES,Dinka Mandakovic Seyler,Investigadora,"U. Mayor, Centro GEMA",,,"Microbiología ambiental, metagenómica. Co-líder OSSADA",,2024-2026,,,
OTRAS UNIVERSIDADES PARTICIPANTES,U. de O'Higgins,Universidad,Chile,,,"Daniele Tardani: geoquímica fluidos, litio fuentes termales. ANILLO SALARES",,2024-2026,,,
OTRAS UNIVERSIDADES PARTICIPANTES,U. Bernardo O'Higgins (UBO),Universidad,Chile,,,Daniela Ortega: ANILLO DLE. Christian Herrera (asoc.),,2024-2026,,,
OTRAS UNIVERSIDADES PARTICIPANTES,U. de La Frontera (UFRO),Universidad,Chile,,,"Ivo Fustos Toribio: OASIS. Tesistas: Jaime Villa Fierro, Javiera Carrasco Gamboa",,2024-2026,,,
OTRAS UNIVERSIDADES PARTICIPANTES,UNAB,Universidad,Chile,,,"Orietta Nicolis (OASIS). José M. Pérez-Donoso (MESS, 2800+ citas). Claudia P. Saavedra (Talackutur). Cristóbal Ramírez de Arellano (OASIS)",,2024-2026,,,
OTRAS UNIVERSIDADES PARTICIPANTES,PUCV,Universidad,Chile,,,Robinson Constanzo: Prof. Asoc. PUCV + Senior SQM Litio,,2020-2026,,,Dual academia-SQM
OTRAS UNIVERSIDADES PARTICIPANTES,U. de Playa Ancha (UPLA),Universidad,Chile,,,Dra. Verónica Molina: Dir. HUB Ambiental. IP ANILLO MESS. Dir. INLiSa,,2020-2026,,,Investigadora + Directorio INLiSa
OTRAS UNIVERSIDADES PARTICIPANTES,U. de Los Lagos,Universidad,Chile,,,Dra. Bárbara Jerez: ecología política litio. CEDER,,2020-2026,,,
OTRAS UNIVERSIDADES PARTICIPANTES,Dra. Javiera Barandiarán,Investigadora,"UC Santa Barbara, EEUU",,,"'Lithium development imaginaries' (2019, 315+ citas). CIPER Chile",,2020-2026,,,
OTRAS UNIVERSIDADES PARTICIPANTES,Dr. Felipe Irarrázaval,Investigador,COES / UC,,,Dimensiones territoriales litio,,2020-2026,,,
OTRAS UNIVERSIDADES PARTICIPANTES,PROYECTOS ANILLO ANID 2024 EN LITIO Y SALARES (10 proyectos adjudicados),,,,,,,,,,
ATE240005 — DLE: Tecnologías Avanzadas Producción Sostenible Sales de Litio,Dr. René Rojas Guerrero (Director),Director,"PUC, Fac. Química",,,"Catálisis, DLE, baterías, reciclaje",ATE240005,,,,
ATE240005 — DLE: Tecnologías Avanzadas Producción Sostenible Sales de Litio,Dr. Donovan Díaz (Director Alterno),Dir. Alterno,"PUC, Instituto Física",,,"Nanomateriales, óxido de grafeno",ATE240005,,,,
ATE240005 — DLE: Tecnologías Avanzadas Producción Sostenible Sales de Litio,Dr. Álvaro Videla Leiva,IP,"PUC, Centro Energía UC",,,"Dir. Centro Energía, Dir. CILithium",ATE240005,,,,
ATE240005 — DLE: Tecnologías Avanzadas Producción Sostenible Sales de Litio,Dr. Ángel Leiva,IP,"PUC, Fac. Química",,,Polímeros y nanomateriales,ATE240005,,,,
ATE240005 — DLE: Tecnologías Avanzadas Producción Sostenible Sales de Litio,Dra. Claudia Núñez Soto,Inv. Asociada,UCN,,,DLE electroquímico. 'Mujer Líder 2024',ATE240005,,,,
ATE240005 — DLE: Tecnologías Avanzadas Producción Sostenible Sales de Litio,Dra. Daniela Ortega Ulloa,Inv. Asociada,UBO,,,Química computacional. 800+ citas,ATE240005,,,,
ATE240005 — DLE: Tecnologías Avanzadas Producción Sostenible Sales de Litio,Dra. Valeria Villalobos,Inv. Asociada,,,,Procesos separación y purificación,ATE240005,,,,
ATE240005 — DLE: Tecnologías Avanzadas Producción Sostenible Sales de Litio,Martín Becerra Ruiz,Postdoc,UC,,,PhD Química UC,ATE240005,,,,
ATE240005 — DLE: Tecnologías Avanzadas Producción Sostenible Sales de Litio,Sebastián Gallegos,Ingeniero analista,Centro Energía UC,,,Coautor informe DLE,ATE240005,,,,
ATE240005 — DLE: Tecnologías Avanzadas Producción Sostenible Sales de Litio,Alejandro Durán,Coord. Outreach,Escuela Diseño UC,,,Vinculación y difusión,ATE240005,,,,
ATE240006 — Diversificación Producción Industria del Litio,Dr. Jonathan Castillo Segura (Director),Director,U. de Atacama,,,"Hidrometalurgia, 712 citas",ATE240006,,,,
ATE240006 — Diversificación Producción Industria del Litio,Pía Hernández Avendaño,IP,U. Antofagasta / CECPI,,,"Cristalización, lixiviación, líquidos iónicos",ATE240006,,,,
ATE240006 — Diversificación Producción Industria del Litio,Dra. Vania Rojas Fuentes,IP,"UChile, AMTC",,,"Nanomateriales, membranas, líquidos iónicos",ATE240006,,,,
ATE240006 — Diversificación Producción Industria del Litio,Rossana Sepúlveda Rivera,IP,U. de Atacama,,,"Hidrometalurgia, tecnologías limpias",ATE240006,,,,
ATE240006 — Diversificación Producción Industria del Litio,Natalia Martínez,Investigadora,"UChile, AMTC",,,Síntesis y caracterización materiales,ATE240006,,,,
ATE240006 — Diversificación Producción Industria del Litio,Vicente Montaner Tartakowsky,Memorista,"UChile, Ing. Civil Minas",,,,ATE240006,,,,
ATE240007 — LiOness: Geopolítica Off-sites del Litio,Dra. Marina Weinberg (Directora),Directora,"UCN, IIAM",,,'Worlds of Lithium' (ERC). 412+ citas,ATE240007,,,,
ATE240007 — LiOness: Geopolítica Off-sites del Litio,Dra. Valentina Figueroa (Dir. Alterna),Dir. Alterna,"UCN, IIAM",,,Arqueología extractivismo Atacama,ATE240007,,,,
ATE240007 — LiOness: Geopolítica Off-sites del Litio,Dr. Hans Gundermann Kröll,IP,"UCN, Dir. IIAM",,,Sociología pueblos indígenas,ATE240007,,,,
ATE240007 — LiOness: Geopolítica Off-sites del Litio,Dra. Jacinta Arthur,IP,"UCN, IIAM",,,Investigación social Atacama,ATE240007,,,,
ATE240007 — LiOness: Geopolítica Off-sites del Litio,Dr. Manuel Prieto,IP,U. de Tarapacá,,,Agua y litio. 'Se instaló el diablo en el Salar',ATE240007,,,,
ATE240007 — LiOness: Geopolítica Off-sites del Litio,Rodrigo Loyola,Investigador,,,,Geopolítica off-sites,ATE240007,,,,
ATE240007 — LiOness: Geopolítica Off-sites del Litio,Fernanda Kalazich,Inv. Asociada,"UCN, IIAM",,,Arqueología patrimonio extractivista,ATE240007,,,,
ATE240007 — LiOness: Geopolítica Off-sites del Litio,Dr. Cristóbal Bonelli,Colaborador int.,Vrije U. Amsterdam (ERC),,,Colaborador Worlds of Lithium,ATE240007,,,,
ATE240011 — RecLIBs: Reciclaje Baterías Ion-Litio,Jaime Chacana Olivares (Director),Director,"UCN, Lithium I+D+i",,,"Tratamiento aguas, reciclaje LIB",ATE240011,,,,
ATE240011 — RecLIBs: Reciclaje Baterías Ion-Litio,Begoña Peceño Capilla,IP,UCN (Coquimbo),,,"Reciclaje sostenible, eco-paneles",ATE240011,,,,
ATE240011 — RecLIBs: Reciclaje Baterías Ion-Litio,Mario Grágeda Zegarra,IP,"U. Antofagasta, CELIMIN",,,"Ingeniería química, extracción litio",ATE240011,,,,
ATE240011 — RecLIBs: Reciclaje Baterías Ion-Litio,Constanza Cruz Rojas,IP,"UCN, Lithium I+D+i",,,"Cadena de valor litio, reciclaje baterías",ATE240011,,,,
ATE240011 — RecLIBs: Reciclaje Baterías Ion-Litio,Luis Rojas,IP,"UCN, Lithium I+D+i",,,Reciclaje baterías litio,ATE240011,,,,
ATE240011 — RecLIBs: Reciclaje Baterías Ion-Litio,Sebastián Herrera León,Inv. vinculado,UCN,,,Análisis de ciclo de vida,ATE240011,,,,
ATE240011 — RecLIBs: Reciclaje Baterías Ion-Litio,Yecid E. Milián,Inv. vinculado,UCN,,,Tecnologías emergentes reciclaje,ATE240011,,,,
ATE240011 — RecLIBs: Reciclaje Baterías Ion-Litio,Nataly Jamett,Inv. vinculada,UCN,,,Tecnologías reciclaje LIB,ATE240011,,,,
ATE240012 — Talackutur Lithium Bio-R,Dr. Francisco Remonsellez (Director),Director,"UCN, CEITSAZA/Lithium",,,"Microbiología molecular, 1.237 citas",ATE240012,,,,
ATE240012 — Talackutur Lithium Bio-R,Dra. Bárbara Fuentes (Dir. Alterna),Dir. Alterna,"UCN, CEITSAZA",,,Dir. Lab. Bioprocesos,ATE240012,,,,
ATE240012 — Talackutur Lithium Bio-R,Andrés Marcoleta,IP,"UChile, Fac. Ciencias",,,Microbiología integrativa,ATE240012,,,,
ATE240012 — Talackutur Lithium Bio-R,Dra. Claudia P. Saavedra,Inv. Asociada,UNAB,,,Microbiología molecular,ATE240012,,,,
ATE240012 — Talackutur Lithium Bio-R,Dra. Andrea Jara Sandoval,Inv. Asociada,"UCN, Lithium I+D+i",,,Biominería urbana,ATE240012,,,,
ATE240012 — Talackutur Lithium Bio-R,Liey-Si Wong Pinto,Investigadora,"UCN, Lithium I+D+i",,,Biomineralización ambientes extremos,ATE240012,,,,
ATE240012 — Talackutur Lithium Bio-R,Jonathan Castro-Severyn,Investigador,UCN,,,"Microbiología, genómica",ATE240012,,,,
ATE240012 — Talackutur Lithium Bio-R,Amanda Suárez,Tesista doctoral,UCN,,,Biolixiviación baterías,ATE240012,,,,
ATE240012 — Talackutur Lithium Bio-R,Mauricio Medina,Tesista doctoral,UCN (Geología),,,Hidrogeología y comunidades microbianas,ATE240012,,,,
ATE240012 — Talackutur Lithium Bio-R,Catalina Jiménez Contreras,Tesista pregrado,UCN (Geología),,,Biomineralización salares ácidos,ATE240012,,,,
ATE240013 — SALARES: Dinámica Espaciotemporal Litio Salares Andinos,Dra. Fernanda Álvarez Amado (Directora),Directora,UdeC / CRHIAM,,,"Geoquímica, geología económica, isotopía",ATE240013,,,,
ATE240013 — SALARES: Dinámica Espaciotemporal Litio Salares Andinos,Dr. Joaquín Cortés Aranda (Dir. Alterno),Dir. Alterno,UdeC,,,"Geoquímica, métodos isotópicos. 376 citas",ATE240013,,,,
ATE240013 — SALARES: Dinámica Espaciotemporal Litio Salares Andinos,Dra. Amaya Álvez Marín,IP,UdeC (Derecho) / CRHIAM,,,"Derecho ambiental, comunidades indígenas",ATE240013,,,,
ATE240013 — SALARES: Dinámica Espaciotemporal Litio Salares Andinos,Dra. María Estrella Alcamán,IP,"UDD, Centro C+",,,"Ecología microbiana, bioinformática",ATE240013,,,,
ATE240013 — SALARES: Dinámica Espaciotemporal Litio Salares Andinos,Dr. Daniele Tardani,IP,U. de O'Higgins,,,"Geoquímica fluidos, hidrogeoquímica salares",ATE240013,,,,
ATE240013 — SALARES: Dinámica Espaciotemporal Litio Salares Andinos,Linda Godfrey,Colaboradora int.,"Rutgers University, EEUU",,,Estudios concentración litio,ATE240013,,,,
ATE240004 — OSSAD-A: Observatorio Sistemas Salinos Desierto Atacama,Dr. Fernando Alfaro Ayllón (Director),Director,"U. Mayor, Centro GEMA",,,3.100+ citas. Ecología cuantitativa,ATE240004,,,,
ATE240004 — OSSAD-A: Observatorio Sistemas Salinos Desierto Atacama,Dinka Mandakovic Seyler,Inv./Co-líder,"U. Mayor, GEMA",,,"Microbiología ambiental, metagenómica",ATE240004,,,,
ATE240004 — OSSAD-A: Observatorio Sistemas Salinos Desierto Atacama,Fabiola Pineda,Investigadora,"U. Mayor, CNAP",,,"Nanotecnología, biogeoquímica",ATE240004,,,,
ATE240004 — OSSAD-A: Observatorio Sistemas Salinos Desierto Atacama,María del Pilar Fernández,Postdoc,U. Mayor,,,"Microorganismos suelo, ecosistemas áridos",ATE240004,,,,
ATE240004 — OSSAD-A: Observatorio Sistemas Salinos Desierto Atacama,Antonia Beggs,Tesista doctoral,U. Mayor,,,Impacto contaminantes sobre microbioma,ATE240004,,,,
ATE240015 — OASIS: Observatory of Andean Salt Flats,Dr. Mauricio Calderón (Director),Director,"UDD, Centro C+",,,"Geología, geoquímica",ATE240015,,,,
ATE240015 — OASIS: Observatory of Andean Salt Flats,Dra. María Estrella Alcamán (Dir. Alterna),Dir. Alterna,"UDD, Centro C+",,,"Microbiología, ecología extrema",ATE240015,,,,
ATE240015 — OASIS: Observatory of Andean Salt Flats,Gonzalo Galaz,IP,U. de Atacama,,,"Geología, mineralogía",ATE240015,,,,
ATE240015 — OASIS: Observatory of Andean Salt Flats,Orietta Nicolis,IP,UNAB,,,"Estadística, IA, geoestadística",ATE240015,,,,
ATE240015 — OASIS: Observatory of Andean Salt Flats,Dra. Fernanda Álvarez Amado,IP,UdeC / CRHIAM,,,Geoquímica litio en salares,ATE240015,,,,
ATE240015 — OASIS: Observatory of Andean Salt Flats,Ivo Fustos-Toribio,Inv. Asociado,UFRO,,,"Geofísica, geodinámica",ATE240015,,,,
ATE240015 — OASIS: Observatory of Andean Salt Flats,Felipe Saavedra Mella,Inv. Asociado,SMI-ICE Chile,,,Rehabilitación ambiental litio,ATE240015,,,,
ATE240015 — OASIS: Observatory of Andean Salt Flats,Andrés Escare,Investigador,"UDD, Geología",,,Hidrogeología,ATE240015,,,,
ATE240015 — OASIS: Observatory of Andean Salt Flats,Valentina Mura,Postdoc,UDD,,,Geociencias,ATE240015,,,,
ATE240015 — OASIS: Observatory of Andean Salt Flats,Jaime Villa Fierro,Tesista magíster,UFRO,,,Controles estructurales salares,ATE240015,,,,
ATE240015 — OASIS: Observatory of Andean Salt Flats,Javiera Carrasco Gamboa,Tesista magíster,UFRO,,,Bases datos geodinámicas,ATE240015,,,,
ATE240015 — OASIS: Observatory of Andean Salt Flats,Adina Paytan,Colaboradora int.,"UC Santa Cruz, EEUU",,,Biogeoquímica,ATE240015,,,,
ATE240015 — OASIS: Observatory of Andean Salt Flats,Anelize Bahniuk,Colaboradora int.,"UFPR, Brasil",,,Microbiología ambientes extremos,ATE240015,,,,
ATE240015 — OASIS: Observatory of Andean Salt Flats,Pietro Sternai,Colaborador int.,"U. Milano-Bicocca, Italia",,,Geodinámica,ATE240015,,http://litioysalares.carrd.co/,,
ATE240015 — OASIS: Observatory of Andean Salt Flats,Cristóbal Ramírez de Arellano,Colaborador,UNAB,,,Geología,ATE240015,,,,
ATE240015 — OASIS: Observatory of Andean Salt Flats,José Manuel Pérez-Donoso,Colaborador,UNAB / Pewman,,,"Nanobiotecnología, 2800+ citas",ATE240015,,,,
ATE240017 — Sociotecnologías del Litio,Dr. Sebastián Herrera León (Director),Director,UCN / U. O'Higgins,,,,ATE240017,,,,
ATE240017 — Sociotecnologías del Litio,Iván Ojeda-Pereira,Coordinador de Investigación,UCN,,,Phd In Social Scienes LUT/ Doctorado en Sociología UC,ATE240017,,,,
ATE240017 — Sociotecnologías del Litio,Emilio Gálvez-Corrales,Becario de Postgrado,UCN (Ing. Química),,,Ingeniería Química,ATE240017,,,,
ATE240017 — Sociotecnologías del Litio,Fabiola Orrego,Gestora de proyecto,PUC (Cs. Biológicas),,,Biología,ATE240017,,,,
ATE240017 — Sociotecnologías del Litio,Carolina Rojas-Córdova,IP,UCN (Ingeniería),,,Management,ATE240017,,,,
ATE240017 — Sociotecnologías del Litio,Fernando Campos-Medina,IP,U. de Chile (Sociología),,,Sociología territorial y ambiental,ATE240017,,,,
ATE240017 — Sociotecnologías del Litio,Constanza Cruz Rojas,IP,"UCN, Lithium I+D+i",,,"Tratamiento aguas, cadena valor litio",ATE240017,,,,
ATE240017 — Sociotecnologías del Litio,Marcelo Lufin-Varas,IP,UCN (Economía),,,,ATE240017,,,,
ATE240017 — Sociotecnologías del Litio,Ingrid Garcés-Millas,Investigadora asociada,U. Antofagasta,,,Salares y procesos químicos,ATE240017,,,,
ATE240021 — MESS: Servicios Ecosistémicos Microbianos Salares,Dra. Cristina Dorador Ortiz (Directora),Directora,U. Antofagasta,,,Ecología microbiana. Ex constituyente,ATE240021,,,,
ATE240021 — MESS: Servicios Ecosistémicos Microbianos Salares,Dra. Verónica Molina Trincado,IP,"UPLA, HUB Ambiental",,,"Ecología microbiana, biogeoquímica",ATE240021,,,,
ATE240021 — MESS: Servicios Ecosistémicos Microbianos Salares,Dra. Martha Hengst López,Colaboradora probable,UCN,,,Microbiología ambientes extremos,ATE240021,,,,
INLiSa — Instituto Nacional del Litio y Salares,Hernán Cáceres Venegas,Director Ejecutivo,INLiSa,,,"PhD U. Buffalo. Ex Decano UCN, ex Dir. Lithium I+D+i",,2025-,,,
INLiSa — Instituto Nacional del Litio y Salares,Arlene Ebensperger Jessen,Presidenta Directorio,INLiSa,,,Designada por Ministra de Ciencia,,2025-,,,
INLiSa — Instituto Nacional del Litio y Salares,Virginia Garretón Rodríguez,Tesorera Directorio,INLiSa,,,Designada por Ministra de Minería,,2025-,,,
INLiSa — Instituto Nacional del Litio y Salares,Verónica Molina Trincado,Directora,INLiSa / UPLA,,,Designada por Ministra de Medio Ambiente,,2025-,,,También IP ANILLO MESS
INLiSa — Instituto Nacional del Litio y Salares,Leonardo Valenzuela Valencia,Director,INLiSa / CORFO,,,Designado por CORFO,,2025-,,,
INLiSa — Instituto Nacional del Litio y Salares,Pablo Rojas Varas,Secretario,INLiSa,,,Gobernador Regional Antofagasta,,2025-,,,
INLiSa — Instituto Nacional del Litio y Salares,Gonzalo Sanhueza Téllez,Director,INLiSa,,,Gobernador Regional Atacama,,2025-,,,
INLiSa — Instituto Nacional del Litio y Salares,Simón Accorsi,Vinculado,Min. Minería,,,"Jefe Unidad Litio y Salares, Min. de Minería",,2024-,,,Articulación gobierno-INLiSa
CEMEC,Dr. Ayaz Alam,Presidente 2025,USACH / CEMEC,,,,,,,,
CEMEC,José Cabello Lechuga,Presidente fundador,Mineralium / CEMEC,,,50+ años exploración. Andean Geology 2022,,,,,Ex Codelco
CEMEC,Pilar Troncoso,Directora,SRK Consulting / CEMEC,,,Senior Project Geologist,,,,,Dual SRK-CEMEC
CEMEC,Olivia Mejías,Vicepresidenta 2025,CEMEC,,,,,,,,
CEMEC,Macarena Acuña,Secretaria 2025,CEMEC,,,,,,,,
CEMEC,Edmundo Tulcanaza,Cofundador,CEMEC,,,Ingeniero de minas,,,,,
CEMEC,Camilo Rodríguez-Beltrán,Director,UDD / CEMEC,,,Dir. Innovación Fac. Ing. UDD = Dir. Centro C+,,,,,
CEMEC,Martín Reich,Panelista/Directorio,UChile / CEMEC,,,Dir. NMTM. 11.900+ citas,,,,,
CUECH,Osvaldo Corrales Jorquera,Presidente / Rector UV,U. de Valparaíso,,,Firmó convenio CUECH-Min.Minería,,2021-,,,Academia-Estado
CUECH,Rosa Devés Alessandri,Vicepresidenta,U. de Chile,,,Rectora UChile,,,,,
ITL — Instituto Tecnologías Limpias,Patricio Aguilera,Director Ejecutivo (jun 2025),ITL,,,Ex Director Sernageomin,,2025-,,,Estado → ITL (puerta giratoria)
ITL — Instituto Tecnologías Limpias,Carlos Portillo Silva,Presidente Directorio,ITL / U. Antofagasta,,,U. de Antofagasta,,,,,
ITL — Instituto Tecnologías Limpias,Willy Kracht Gajardo,Director,ITL,,,"Interés público. Ex Subsec. Minería, ex Alta Ley",,,,,Multi-rol: CEN UChile + ITL + ex gobierno
ITL — Instituto Tecnologías Limpias,Frank Dinter,Director,ITL / Fraunhofer Chile,,,,,,,,
ITL — Instituto Tecnologías Limpias,Victor Rojas Contreras,Líder Litio y Cadena Valor,ITL / Relitia,,,PhD Química PUCV. Cofundador Relitia (reciclaje),,2020-2026,,,ITL (SQM) + startup reciclaje
CENTRO DE MOVILIDAD SOSTENIBLE (CMS),Sebastián Galarza,Centro de Investigación,Chile,,,"Director Ejecutivo | Electromovilidad en Chile; activo en EITI, IRMA, Global Battery Alliance; estudio ICCT-CMS cadena valor baterías (oct 2025)",,2024-2026,,,Reubicado desde 'ONGs y ambiente' (sección ¿A dónde mover?)
CENTRO DE MOVILIDAD SOSTENIBLE (CMS),Claudio Mena Cavieres,Centro de Investigación,Chile,,,Líder Electromovilidad / Estándares Vehiculares | MSc Transport Imperial College London. Colaborador Libro Blanco Movilidad Sostenible OLADE 2025. Estándares vehiculares y requerimientos litio,,2024-2026,,,Reubicado desde 'ONGs y ambiente' (sección ¿A dónde mover?)
CIRCULARTEC - Centro Tecnológico de Economía Circular,Andreé Henríquez Aravena,Centro Tecnológico,Chile,,,"Director Ejecutivo | Autor ""El arribo de la economía circular a la minería primaria de Chile, Perú y Colombia"". Proyecto LiBR3 reciclaje baterías litio. Financiamiento CORFO",,2024-2026,,,Reubicado desde 'ONGs y ambiente' (sección ¿A dónde mover?)
CIRCULARTEC - Centro Tecnológico de Economía Circular,Ingrid Jamett,Centro Tecnológico,Chile,,,Directora | Investigación en reciclaje y economía circular del litio,,2020-2026,,,Reubicado desde 'ONGs y ambiente' (sección ¿A dónde mover?)
Otras organizaciones,Corporación Alta Ley,Org. público-privada,Chile,,"D. Ruiz (USACH), W. Kracht",Desafíos tecnológicos minería,,,,,
Otras organizaciones,CILithium - Cámara Internacional del Litio,Organización,Internacional,Álvaro Videla (Dir. Gral.),,Articulación global litio,,,,,
Otras organizaciones,Cámara del Litio (Chile),Gremio,Chile,,"S. Oliva, M. Caverlotti (USACH)",Gremio industria litio chilena,,,,,
Otras organizaciones,CESCO,Centro estudios,Chile,,"G. Lagos (fundador), J.J. Jara, D. Desormeaux",Fundado 1986. Nexo academia-industria-política,,,,,Desde AF-Gremios: Director Jorge Cantallopts; organizó seminario potencial/futuro litio economía nacional (ago 2024); declaración pública importancia política litio (ene 2022); propone meta 1M ton litio próxima década; 21 propuestas reposicionar minería.  CRUCES: Juan Carlos Guajardo fue director ejecutivo CESCO (2006-2014) antes de fundar Plusmining
CGEP - Columbia University (Center on Global Energy Policy),Jason Bordoff,Centro de Política Energética Global,EE.UU.,,,Director Fundador | Análisis geopolítico de la cadena de valor del litio,,2020-2026,,,Reubicado desde 'ONGs y ambiente' (sección ¿A dónde mover?)
CGEP - Columbia University (Center on Global Energy Policy),Tom Moerenhout,Centro de Política Energética Global,EE.UU.,,,Profesor SIPA / Líder Critical Minerals Initiative CGEP | Múltiples reportes sobre litio Chile; visita 2025 con Juan Carlos Jobet,,2024-2026,,,"No es simple ""investigador"". Dirige el programa de minerales críticos/litio de CGEP. Visita Chile 2025 con Jobet. | Reubicado desde 'ONGs y ambiente' (sección ¿A dónde mover?)"
CGEP - Columbia University (Center on Global Energy Policy),Diego Rivera Rivota,Centro de Política Energética Global,EE.UU.,,,Investigador | Reportes sobre política litio Chile,,2024-2026,,,Reubicado desde 'ONGs y ambiente' (sección ¿A dónde mover?)
CGEP - Columbia University (Center on Global Energy Policy),Milo McBride,Centro de Política Energética Global,EE.UU.,,,Investigador | Reportes sobre mercado litio,,2024-2026,,,Reubicado desde 'ONGs y ambiente' (sección ¿A dónde mover?)
CGEP - Columbia University (Center on Global Energy Policy),Juan Carlos Jobet,Centro de Política Energética Global,Chile/EE.UU.,,,Distinguished Visiting Fellow CGEP | Ex-Ministro de Energía y Minería de Chile. Puente sector público chileno - academia EEUU.,,2024-2026,,Ex-Min. Energía Chile + CGEP Columbia,Cruce Estado-Think Tank: revolving door sector público → think tank energético | Reubicado desde 'ONGs y ambiente' (sección ¿A dónde mover?)
CIDES-UMSA,Dr. Nico Tassi,Centro Postgrado U. Mayor San Andrés,Bolivia,,,Director | Investigación sobre extractivismo y sustentabilidad,,2020-2026,,,Reubicado desde 'ONGs y ambiente' (sección ¿A dónde mover?)
CIDES-UMSA,Dr. Jorge Albarracín Deker,Centro Postgrado U. Mayor San Andrés,Bolivia,,,Subdirector de Formación | Estudios sobre desarrollo rural y recursos naturales,,2020-2026,,,Reubicado desde 'ONGs y ambiente' (sección ¿A dónde mover?)
CIDES-UMSA,Manuel Olivera Andrade,Centro Postgrado U. Mayor San Andrés,Bolivia,,,Investigador | Coautor informe FIDH sobre litio triángulo ABC,,2025,,,Reubicado desde 'ONGs y ambiente' (sección ¿A dónde mover?)
COLUMBIA LAW SCHOOL - SABIN CENTER,Michael Gerrard,Centro Académico Legal,EE.UU.,,,Director Académico | Análisis legal de regulaciones climáticas que impactan cadena suministro litio,,2020-2026,,,Reubicado desde 'ONGs y ambiente' (sección ¿A dónde mover?)
COLUMBIA LAW SCHOOL - SABIN CENTER,Michael Burger,Centro Académico Legal,EE.UU.,,,Director Ejecutivo | Análisis del boom del litio en Chile (mayo 2025). Políticas climáticas e impacto en cadena suministro,,2025,,,Reubicado desde 'ONGs y ambiente' (sección ¿A dónde mover?)
GYBC - Grupo Estudios Geopolítica y Bienes Comunes (CONICET/UBA),Bruno Fornillo,Grupo Investigación,Argentina,,,"Coordinador | Coordinador libro ""Geopolítica del litio"". Uno de expertos más citados sobre litio Triángulo ABC. CONICET/UBA.",,2015-2026,,,Reubicado desde 'ONGs y ambiente' (sección ¿A dónde mover?)
GYBC - Grupo Estudios Geopolítica y Bienes Comunes (CONICET/UBA),Melisa Argento,Grupo Investigación,Argentina,,,Investigadora | Investigadora CONICET. Publica extensamente sobre extractivismo litífero en Argentina.,,2018-2026,,,Reubicado desde 'ONGs y ambiente' (sección ¿A dónde mover?)
GYBC - Grupo Estudios Geopolítica y Bienes Comunes (CONICET/UBA),Dr. Ernesto J. Calvo,Inv. Superior CONICET,INQUIMAE - U. Buenos Aires,,,DLE electroquímico 'bombeo de iones'. Referencia para Chile,,2020-2026,,,
GYBC - Grupo Estudios Geopolítica y Bienes Comunes (CONICET/UBA),Dr. Roberto Salvarezza,Inv./Directivo,YPF Litio / CONICET,,,Pdte. Y-TEC y YPF Litio. Ex Min. Ciencia Argentina,,2020-2026,,,
GYBC - Grupo Estudios Geopolítica y Bienes Comunes (CONICET/UBA),Dr. Datu Buyung Agusdinata,Investigador,Arizona State U.,,,'Interdependencies lithium mining Salar Atacama' (263+ citas),,2020-2026,,,
GYBC - Grupo Estudios Geopolítica y Bienes Comunes (CONICET/UBA),Wenjuan Liu,Investigadora,Arizona State U.,,,'Spatiotemporal patterns lithium mining Atacama' (2019),,2020-2026,,,
GYBC - Grupo Estudios Geopolítica y Bienes Comunes (CONICET/UBA),Prof. Rutgerd Boelens,Investigador,U. Amsterdam / Wageningen,,,Ecología política agua. Justicia hídrica,,2020-2026,,,
GYBC - Grupo Estudios Geopolítica y Bienes Comunes (CONICET/UBA),Melisa Escosteguy,Investigadora,CONICET / INENCO,,,Antropología litio Puna. 'Worlds of Lithium',,2020-2026,,,
GYBC - Grupo Estudios Geopolítica y Bienes Comunes (CONICET/UBA),Dr. Cristóbal Bonelli,Investigador,Vrije U. Amsterdam (ERC),,,Colaborador ANILLO LiOness y Worlds of Lithium,,2024-2026,,,
GYBC - Grupo Estudios Geopolítica y Bienes Comunes (CONICET/UBA),Pietro Sternai,Investigador,"U. Milano-Bicocca, Italia",,,Geodinámica. Colaborador OASIS,,2024-2026,,,
THINK TANKS INTERNACIONALES,Kenneth B. Medlock III,Think Tank Energía,EE.UU.,,,Senior Director CES | Análisis mercados energéticos y demanda litio,,2020-2026,,,Reubicado desde 'ONGs y ambiente' (sección ¿A dónde mover?)
THINK TANKS INTERNACIONALES,Gabriel Collins,Think Tank Energía,EE.UU.,,,Baker Botts Fellow | Investigación regulación ambiental en minería litio,,2020-2026,,,Reubicado desde 'ONGs y ambiente' (sección ¿A dónde mover?)
THINK TANKS INTERNACIONALES,Benigna Cortés Leiss,Think Tank Energía,EE.UU.,,,"Publicó ""Chile's New Lithium Strategy"" (jul 2024)",,2024,,,CRUCES: Baker Institute fellow + ex Chevron Dir. Gral México. Articulación academia-energía corporativa. | Reubicado desde 'ONGs y ambiente' (sección ¿A dónde mover?)
THINK TANKS INTERNACIONALES,Dr. Sonja Thielges,Think Tank Política,Alemania,,,Experta Política Climática | Política climática internacional y cadenas suministro litio,,2020-2026,,,Reubicado desde 'ONGs y ambiente' (sección ¿A dónde mover?)
THINK TANKS INTERNACIONALES,Dr. Kirsten Westphal,Think Tank Política,Alemania,,,"Ex-Experta Política Energética (en licencia desde mar 2023) | Geopolítica litio y seguridad energética europea. Análisis ""Raw Materials Partner Chile"" (mayo 2025)",,2020-2026,,,En licencia desde marzo 2023. Actualmente en Comité Ejecutivo de BDEW. Para litio/minerales en SWP: Meike Schulze e Inga Carry. | Reubicado desde 'ONGs y ambiente' (sección ¿A dónde mover?)
THINK TANKS INTERNACIONALES,Nick Redman,Consultoría Geopolítica,Reino Unido,,,Editor in Chief | Análisis riesgo político sector litio chileno (2025),,2025,,,Reubicado desde 'ONGs y ambiente' (sección ¿A dónde mover?)
THINK TANKS INTERNACIONALES,Stina Warnstam Drolet,Consultoría Geopolítica,Reino Unido,,,Head of Sustainability | Análisis sostenibilidad cadena de valor litio,,2020-2026,,,Reubicado desde 'ONGs y ambiente' (sección ¿A dónde mover?)
THINK TANKS INTERNACIONALES,Ümit Akcay,Instituto Económico,Alemania,,,Miembro | Working paper sobre litio y acuerdo UE-Chile,,2025,,,Reubicado desde 'ONGs y ambiente' (sección ¿A dónde mover?)
THINK TANKS INTERNACIONALES,Suneeta Kaimal,Think Tank Gobernanza,Internacional,,,Presidenta y CEO | Investigación gobernanza litio como recurso estratégico. Seminario con Chile Transparente y Terram,,2020-2026,,,Reubicado desde 'ONGs y ambiente' (sección ¿A dónde mover?)
THINK TANKS INTERNACIONALES,Gilbert F. Houngbo,Think Tank Gobernanza,Internacional,,,Presidente del Consejo | Políticas gobernanza recursos naturales aplicadas a litio,,2020-2026,,,Reubicado desde 'ONGs y ambiente' (sección ¿A dónde mover?)
SQM — investigadores con vínculo académico,Mauricio Salamanca,Dir. Investigación SQM Litio,SQM,,,PhD Cs. Ingeniería UChile (Medalla Doctoral),,2020-2026,,,Puente SQM-universidades
SQM — investigadores con vínculo académico,Hugo Giraldo,Ex-investigador AMTC → SQM,SQM,,,Dir. Innovación SQM. Ex-AMTC UChile,,2020-2026,,,Puerta giratoria academia→industria
SQM — investigadores con vínculo académico,Osvaldo Yáñez Osses,Ex Ger. SQM / Académico,SQM / UDLA,,,25 años SQM. Académico UDLA. Ex dir. Lithium UCN,,2020-2026,,,SQM + academia + dir. centro UCN
SQM — investigadores con vínculo académico,Robinson Constanzo Rojas,Prof. PUCV / Senior SQM,PUCV / SQM Litio,,,Electroquímica DLE. Dir. IMetChile,,2020-2026,,,Dual academia-SQM
SQM — investigadores con vínculo académico,Gabriel Meruane,Inv./Industria,SQM,,,,,,,,
SQM — investigadores con vínculo académico,Catalina Wells Asfura,Process Engineer,SQM International Lithium,,,,,,,,
SQM — investigadores con vínculo académico,Cristián Gutiérrez Cerón,Investigador,Chile,,,Director de investigación en SQM yodo,,2020-2026,,,Cruce ONG-Empresa: vinculado a SQM (investigación yodo) | Reubicado desde 'ONGs y ambiente' (sección ¿A dónde mover?); cruce ONG-Empresa (investigación SQM yodo)
Albemarle / Grupo Errázuriz,Felipe Figueroa Azúa,Gerente,Albemarle,,,Manager lithium extraction technologies,,,,,
Albemarle / Grupo Errázuriz,Marcelo Valdebenito Astorga,Ger. Asuntos Corporativos,Albemarle / Grupo Errázuriz,,,Facilitó visita INLiSa a plantas DLE,,,,,Industria-INLiSa
CleanTech Lithium,Sabine Macaya,Ger. Operaciones,CleanTech Lithium,,,Alianza UDA. DLE Laguna Verde,,2020-2026,,,Industria-academia
CleanTech Lithium,Marcela Sepúlveda,Inv./Industria,CleanTech Lithium (Copiapó),,,,,,,,
LITHIUMING,Roberto Alfaro Cortés,CEO,LITHIUMING,,,Ex SQM Salar. Diseño plantas litio,,2020-2026,,,Ex SQM
LITHIUMING,Julio Valenzuela Biaggini,Chief Project Engineer,LITHIUMING,,,Planta 40.000 ton/año,,,,,
Ad Infinitum,Marcelo Bravo Veas,Gerente Técnico,Ad Infinitum,,,Procesamiento salmueras Chile-Bolivia-Argentina,,2020-2026,,,
Ad Infinitum,Yerko Aenishanslins Bravo,Dir. Proyectos,Ad Infinitum,,,DLE y procesos industriales litio,,,,,
ENAMI Litio SpA,Nancy Pérez Ojeda,Presidenta Directorio,ENAMI Litio,,,,,,,,
ENAMI Litio SpA,Jaime Pérez de Arce,Ex VP ENAMI,ENAMI,,,,,,,,
ENAMI Litio SpA,Jerónimo Verdugo,Superintendente Litio,ENAMI,,,,,,,,
ENAMI Litio SpA,Leandro Voisin,Director,ENAMI Litio / Academia,,,,,,,,También académico
ENAMI Litio SpA,Simón Accorsi,Jefe Unidad Litio y Salares,Min. Minería,,,Articulación gobierno-INLiSa,,2024-,,,Firmante acto fundacional INLiSa
ENAMI Litio SpA,Patricio Aguilera,Ex Dir. Sernageomin → Dir. ITL,ITL,,,Participó lanzamiento ANILLO DLE. Luego Dir. Ejecutivo ITL (jun 2025),,2025-,,,Estado → ITL (puerta giratoria)
ENAMI Litio SpA,Sonia Ramos Chocobar,Dirigente lickanantay / Coinvestigadora,Salar de Atacama,,,Sanadora lickanantay. Guardian. IIED. Coautora 'Vulcanología Lickanantay' (2023) con Tironi,,2020-2026,,Coinvestigadora + defensora,Comunidad-Academia-ONG-Internacional
ENAMI Litio SpA,Francisco Mondaca Espíndola,Dirigente / Coinvestigador,UCN / UChile,,,'Ciencia comunitaria',,2020-2026,,,Comunidad-Academia
ENAMI Litio SpA,Jordán Jofré Lique,Geólogo ambiental / Asesor,Consejo Pueblos Atacameños,,,"NYT, Reuters. Impactos litio",,2020-2026,,,Comunidad-Academia-Medios |  CRUCES: Investigador colaborador CPA. Mesa agua Salar Atacama. Ciencia comunitaria.
ENAMI Litio SpA,Dr. Manuel Prieto,Investigador / Voz comunidades,U. de Tarapacá,,,IP ANILLO LiOness. 'Se instaló el diablo' (2023): pérdida agua 50x,,2020-2026,,,
ENAMI Litio SpA,Engel Ramírez,Investigador,,,,Actor identificado sin detalle,,2020-2026,,,
ENAMI Litio SpA,Fabiola Aqueveque,Investigadora,,,,Actor identificado sin detalle,,2020-2026,,,
ENAMI Litio SpA,Martín Arias Loyola,Investigador,UCN (Economía),,,PhD UCL. Periferias recursos. Llamado 130 académicos salares,,2020-2026,,,
ENAMI Litio SpA,Jorge Valverde Carbonell,Investigador,UNU MERIT / U. Maastricht,,,Policy paper Espacio Público 2024,,2020-2026,,,
ENAMI Litio SpA,Emilio Bunel,Investigador,,,,Tecnología e ingeniería,,2020-2026,,,
ENAMI Litio SpA,Rafael Torres,Investigador,BCN,,,Biblioteca del Congreso Nacional,,2020-2026,,,
ENAMI Litio SpA,Dr. Rodrigo Calderón,Investigador,U. Chile,,,Sociólogo. Políticas ambientales minería,,2020-2026,,,
ENAMI Litio SpA,Elizabeth Troncoso,Investigadora,UTEM,,,Depto. Química UTEM,,2020-2026,,,
ENAMI Litio SpA,Dr. Emilio Custodio,Investigador,España,,,Hidrogeología Salar Atacama,,2020-2026,,,
ENAMI Litio SpA,Dr. José Cabello Lechuga,Geólogo / Consultor,Mineralium / CEMEC,,,50+ años. MPhil Oxford. Cursos litio salares andinos,,2020-2026,,,Ex Codelco + impulsor Empresa Nal. Litio
ENAMI Litio SpA,Camila Cabrera,Investigadora,SMI-ICE Chile,,,Cambio climático y gestión agua,,2024-2026,,,
EXPERTOS AMBIENTALES Y ACADÉMICOS INDEPENDIENTES,Alexis Castillo,Experto ambiental,Chile,,,"Geoquímica Acuática, Ecología y micropaleontología Marina",,2020-2026,,,Reubicado desde 'ONGs y ambiente' (sección ¿A dónde mover?)
EXPERTOS AMBIENTALES Y ACADÉMICOS INDEPENDIENTES,Carolina Cubillos,Investigadora,Chile,,,Lab. Complejidad Microbiana U. Antofagasta. Describió bacterias en salmueras litio Salar Atacama,,2020-2026,,,Reubicado desde 'ONGs y ambiente' (sección ¿A dónde mover?)
EXPERTOS AMBIENTALES Y ACADÉMICOS INDEPENDIENTES,Carolina Troya,Consultora participación,Chile,,,"Procesos de Diálogo, Asociatividad y Asuntos Indígenas, Min. Energía",,2020-2026,,,Cruce ONG-Estado: trabajó en Min. Energía en procesos participativos | Reubicado desde 'ONGs y ambiente' (sección ¿A dónde mover?)
EXPERTOS AMBIENTALES Y ACADÉMICOS INDEPENDIENTES,Cecilia Demergasso,Investigadora,Chile,,,Centro de Biotecnología (CBAR),,2020-2026,,,Reubicado desde 'ONGs y ambiente' (sección ¿A dónde mover?)
EXPERTOS AMBIENTALES Y ACADÉMICOS INDEPENDIENTES,Cristina Dorador,Académica/Activista,Chile,,,"Académica UA, experta bacterias salares",,2020-2026,,Colaboradora OPSAL + Prof. U. Antofagasta + ex Constituyente,Cruce Academia-Estado-ONG-Comunidades: cuádruple afiliación | Reubicado desde 'ONGs y ambiente' (sección ¿A dónde mover?)
EXPERTOS AMBIENTALES Y ACADÉMICOS INDEPENDIENTES,Cristián Cifuentes,Sociedad Civil,Chile,,,"Centro de Estudios del Cobre y la Minería, CESCO",,2020-2026,,,Reubicado desde 'ONGs y ambiente' (sección ¿A dónde mover?)
EXPERTOS AMBIENTALES Y ACADÉMICOS INDEPENDIENTES,Dinka Mandakovic,Investigadora,Chile,,,Estudio microorganismos y comunidades microbianas en salares,,2020-2026,,,Reubicado desde 'ONGs y ambiente' (sección ¿A dónde mover?)
EXPERTOS AMBIENTALES Y ACADÉMICOS INDEPENDIENTES,Dr. Chris Harrod,Investigador,Chile,,,Interacciones entre especies y conservación biodiversidad,,2020-2026,,,Reubicado desde 'ONGs y ambiente' (sección ¿A dónde mover?)
EXPERTOS AMBIENTALES Y ACADÉMICOS INDEPENDIENTES,Dr. Francisco Ramonsellez,Investigador,Chile,,,Director proyecto Anillo Talackutur Lithium Bio-R: bioreciclaje litio baterías,,2020-2026,,,Reubicado desde 'ONGs y ambiente' (sección ¿A dónde mover?)
EXPERTOS AMBIENTALES Y ACADÉMICOS INDEPENDIENTES,Dr. Jorge Quezada,Investigador,Chile,,,Profesor UDEC. Geología y geofísica procesos geodinámicos,,2020-2026,,,Reubicado desde 'ONGs y ambiente' (sección ¿A dónde mover?)
EXPERTOS AMBIENTALES Y ACADÉMICOS INDEPENDIENTES,Dra. Bernardita Valenzuela,Investigadora,Chile,,,Microorganismos salares. Trabaja con Cristina Dorador,,2020-2026,,,Reubicado desde 'ONGs y ambiente' (sección ¿A dónde mover?)
EXPERTOS AMBIENTALES Y ACADÉMICOS INDEPENDIENTES,Dra. María Virginia Carter,Investigadora,Chile,,,Escuela de Gobierno; Red Monitoreo Agua de Niebla,,2020-2026,,,Reubicado desde 'ONGs y ambiente' (sección ¿A dónde mover?)
EXPERTOS AMBIENTALES Y ACADÉMICOS INDEPENDIENTES,Fabiola Pineda,Investigadora,Chile,,,"Dra. en ciencias ingeniería, Centro Nanotecnología U. Mayor, SERC-Chile",,2020-2026,,,Reubicado desde 'ONGs y ambiente' (sección ¿A dónde mover?)
EXPERTOS AMBIENTALES Y ACADÉMICOS INDEPENDIENTES,Fernanda Alvarez,Investigadora,Chile,,,Dinámicas geoquímicas salares andinos. Anillo salares,,2020-2026,,,Reubicado desde 'ONGs y ambiente' (sección ¿A dónde mover?)
EXPERTOS AMBIENTALES Y ACADÉMICOS INDEPENDIENTES,Fernando Alfaro,Investigador,Chile,,,Biogeoquímica ambientes extremos. Director Anillo Li,,2020-2026,,,Reubicado desde 'ONGs y ambiente' (sección ¿A dónde mover?)
EXPERTOS AMBIENTALES Y ACADÉMICOS INDEPENDIENTES,Gemita Igor Rencoret,Consultora ambiental,Chile,,,"Evaluación medio humano, participación ciudadana, Convenio 169 en SEIA",,2020-2026,,,Reubicado desde 'ONGs y ambiente' (sección ¿A dónde mover?)
EXPERTOS AMBIENTALES Y ACADÉMICOS INDEPENDIENTES,Guillermo Chong,Geólogo,Chile,,,Humboldt Scholar. Premio NASA. Miembro equipo geología planetaria,,2020-2026,,,Reubicado desde 'ONGs y ambiente' (sección ¿A dónde mover?)
EXPERTOS AMBIENTALES Y ACADÉMICOS INDEPENDIENTES,Hugo Benítez,Investigador,Chile,,,Presidente Sociedad de Evolución. Evolución insectos en salares,,2020-2026,,,Reubicado desde 'ONGs y ambiente' (sección ¿A dónde mover?)
EXPERTOS AMBIENTALES Y ACADÉMICOS INDEPENDIENTES,Isabel Lobos,Investigadora,Chile,,,Evolución e insectos. Mariposas endémicas de salares de altura,,2020-2026,,,Reubicado desde 'ONGs y ambiente' (sección ¿A dónde mover?)
EXPERTOS AMBIENTALES Y ACADÉMICOS INDEPENDIENTES,Joaquín Cortes,Investigador,Chile,,,Anillos salares,,2020-2026,,,Reubicado desde 'ONGs y ambiente' (sección ¿A dónde mover?)
EXPERTOS AMBIENTALES Y ACADÉMICOS INDEPENDIENTES,Jocelyn Tapia,Investigadora,Chile,,,Medio Ambiente y Ecología,,2020-2026,,,Reubicado desde 'ONGs y ambiente' (sección ¿A dónde mover?)
EXPERTOS AMBIENTALES Y ACADÉMICOS INDEPENDIENTES,Jorge Mella Ávila,Investigador,Chile,,,Experto en lagartos y lagartijas de salares,,2020-2026,,,Reubicado desde 'ONGs y ambiente' (sección ¿A dónde mover?)
EXPERTOS AMBIENTALES Y ACADÉMICOS INDEPENDIENTES,Jorge S. Gutiérrez,Investigador,Chile,,,Experto en flamencos altoandinos,,2020-2026,,,Reubicado desde 'ONGs y ambiente' (sección ¿A dónde mover?)
EXPERTOS AMBIENTALES Y ACADÉMICOS INDEPENDIENTES,Jorge Valdes,Investigador,Chile,,,Dr. Ciencias Ambientales U. Concepción. Ambiente y Conservación Recursos Acuáticos,,2020-2026,,,Reubicado desde 'ONGs y ambiente' (sección ¿A dónde mover?)
EXPERTOS AMBIENTALES Y ACADÉMICOS INDEPENDIENTES,Juan Francisco Sánchez Silva,Abogado,Chile,,,Recurso de amparo económico contra Codelco y filiales,,2024-2026,,,"Litigio directo contra Codelco (empresa estatal litio) | Reubicado desde 'ONGs y ambiente' (sección ¿A dónde mover?); REVISAR: abogado litigante (recurso vs Codelco), no académico"
EXPERTOS AMBIENTALES Y ACADÉMICOS INDEPENDIENTES,Kay Bergamini,Académico/Consultor,Chile,,,Gestión medioambiental. Ex Director Regional SEA,,2020-2026,,,Cruce Estado-Academia: ex director SEA regional | Reubicado desde 'ONGs y ambiente' (sección ¿A dónde mover?)
EXPERTOS AMBIENTALES Y ACADÉMICOS INDEPENDIENTES,Mauricio Daza,Abogado,Chile,,,Criticó acuerdo confidencialidad Codelco-SQM,,2024-2026,,,"Relevante: cuestiona transparencia acuerdo Codelco-SQM | Reubicado desde 'ONGs y ambiente' (sección ¿A dónde mover?); REVISAR: abogado, crítico acuerdo Codelco-SQM, no académico"
EXPERTOS AMBIENTALES Y ACADÉMICOS INDEPENDIENTES,Pablo Aguilar,Investigador,Chile,,,PhD Biología U. Innsbruck. Astrobiología. Ciencias Ingeniería de Procesos,,2020-2026,,,Reubicado desde 'ONGs y ambiente' (sección ¿A dónde mover?)
EXPERTOS AMBIENTALES Y ACADÉMICOS INDEPENDIENTES,Víctor Pérez,Sociedad Civil,Chile,,,"Director ejecutivo ASDIT, dirección ITL",,2020-2026,,,Reubicado desde 'ONGs y ambiente' (sección ¿A dónde mover?); REVISAR: director ejecutivo ASDIT/ITL — posible cruce con sección ITL
EXPERTOS AMBIENTALES Y ACADÉMICOS INDEPENDIENTES,Yery Marambio-Alfaro,Investigador,Chile,,,Experto en lagartos y lagartijas de salares altoandinos,,2020-2026,,,Reubicado desde 'ONGs y ambiente' (sección ¿A dónde mover?)
EXPERTOS AMBIENTALES Y ACADÉMICOS INDEPENDIENTES,Claudio Quezada,Investigador,Chile,,,"Postdoc, Ingeniería Ambiental. Estudio y conservación ecosistemas acuáticos",,2020-2026,,,Reubicado desde 'ONGs y ambiente' (sección ¿A dónde mover?)
EXPERTOS AMBIENTALES Y ACADÉMICOS INDEPENDIENTES,Patricia Marconi,Bióloga/Conservacionista,Argentina,,,Grupo Conservación Flamencos Altoandinos. Directora Yuchán,,2020-2026,,CONICET + Yuchán + OPSAL + Grupo Flamencos,Reubicado desde 'ONGs y ambiente' (sección ¿A dónde mover?); multiafiliación: también en ONGs > Fundación Yuchán
