seccion,Nombre,Tipo,Pueblo,Ubicación,Dirigente,Cargo,Rol en Litio,Período,Cruces/Multiafiliación,Notas manuales
CONSEJO DE PUEBLOS ATACAMEÑOS (CPA),Consejo de Pueblos Atacameños (CPA),Organización indígena,Atacameño/Lickanantay,"Sede: Gustavo Le Paige 348, San Pedro de Atacama","Directiva (ene 2025): Héctor García (Pdte.), Roxana Torres (VP), Bernardo Armella (Secretario), Alexis Romero (Tesorero)",Directiva completa,Representa 18 comunidades atacameñas del Salar de Atacama; rechazo ENL; movilizaciones ene 2024; denuncia hundimiento salar ante SMA oct 2024,1994-presente,,
CONSEJO DE PUEBLOS ATACAMEÑOS (CPA),Héctor García Mamani,Presidente CPA (desde ene 2025),Atacameño/Lickanantay,San Pedro de Atacama (OLCI Larache),Elegido con 9 votos en asamblea,Presidente CPA,Consulta Indígena acuerdo Codelco-SQM; Mesa Multiactor; Mesa Técnica Hídrica; posición en desarrollo,2025-presente,Comunidad Larache → CPA presidencia,Cambio generacional en dirigencia CPA
CONSEJO DE PUEBLOS ATACAMEÑOS (CPA),Roxana Torres,Vicepresidenta CPA (desde ene 2025),Atacameño/Lickanantay,San Pedro de Atacama (OLCI Guatín),—,Vicepresidenta CPA,"Cumbre del Litio y Energía 2025; Hoja de Ruta Litio 2025-2030 CIL Lithium; declaró ""el futuro no es una oportunidad, es una decisión""",2025-presente,,Vínculo con CIL Lithium (gremio empresarial) en eventos públicos
CONSEJO DE PUEBLOS ATACAMEÑOS (CPA),Bernardo Armella,Secretario CPA (desde ene 2025),Atacameño/Lickanantay,Talabre,—,Secretario CPA,Continuidad posición crítica de Talabre en dirigencia CPA,2025-presente,Comunidad Talabre → CPA secretaría,
CONSEJO DE PUEBLOS ATACAMEÑOS (CPA),Alexis Romero Ramos,Ex-Presidente CPA (ene 2024-ene 2025),Atacameño/Lickanantay,"Solor, Salar de Atacama",Tesorero CPA (desde ene 2025),Ex-Presidente CPA / Tesorero actual,"Rechazó acuerdos Codelco-SQM dic 2023; denuncia SMA hundimiento salar oct 2024; discurso ante Boric en La Moneda dic 2024; autor doc ""Derecho a Saber y Decidir""",2024-2026,Comunidad Solor → CPA presidencia → Foro del Litio,Alianzas con org. indígenas Argentina/Bolivia/Perú (Triángulo del Litio); vínculo Observatorio Ciudadano; CORRECCIÓN: Presidencia CPA fue ene 2024-ene 2025 (no 2022-2024). Tesorero desde ene 2025.
CONSEJO DE PUEBLOS ATACAMEÑOS (CPA),Wladimir Reyes Varas,Ex-Presidente CPA (ene 2023-ene 2024),Atacameño/Lickanantay,Salar de Atacama,—,Ex-Presidente CPA,"Cuestionó ENL; declaró ""no somos un lugar de sacrificio""; Foro del Litio 2023; desconfianza hacia Codelco; lideró toma del salar ene 2024",2023-2024,,"Citado en medios internacionales: Swissinfo, La Tercera, CNN Chile; VERIFICADO: Presidencia ene 2023-ene 2024. Originario de Coyo (ref. Peine/Toconao en otras fuentes)."
CONSEJO DE PUEBLOS ATACAMEÑOS (CPA),Sergio Luis Cubillos Verasay,Ex-Presidente CPA (~feb 2019-ene 2021),Atacameño/Lickanantay,"Peine, Salar de Atacama",Presidente Comunidad de Peine,Ex-Presidente CPA,"COP25: ""el pueblo atacameño no puede ser moneda de cambio de la energía verde""; Mesa Multiactor; procesos legales vs mineras; candidato a alcalde SPA",2019-2021,Comunidad Peine → CPA → OCMAL → candidatura municipal,"Foros internacionales OCMAL; interacción directa con SQM en Mesa Multiactor; CORRECCIÓN MAYOR: Cubillos gobernó ~2 años (feb 2019-ene 2021), no 6. Período anterior (2016-2018) corresponde a Ana Ramos. Fuentes: Chululo, Radio UCH, Albemarle."
CONSEJO DE PUEBLOS ATACAMEÑOS (CPA),Manuel Salvatierra Esquivel,Ex-Presidente CPA (dos períodos),Atacameño/Lickanantay,San Pedro de Atacama (Cúcuter),Presidente Comunidad de Cúcuter,Ex-Presidente CPA,Rechazó licitación litio gobierno Piñera 2022 (400.000 ton a empresa china); carta en La Moneda; audiencias Senado; Convenio 169 OIT,2018-2019; 2021-2023,Comunidad Cúcuter → CPA → Senado,Aparece en documentos oficiales SQM y SNIFA; audiencias royalty minero; CORRECCIÓN: Dos períodos no consecutivos: ~2018-feb 2019 (1°) y ene 2021-ene 2023 (2°). Fuente: Chululo ene 2021.
CONSEJO DE PUEBLOS ATACAMEÑOS (CPA),Sergio Chamorro Avilés,Asesor jurídico / Coordinador Unidad Jurídica CPA,,Calama,Abogado; dirigente Calama,Coordinador Unidad Jurídica CPA,"""Los salares no son minas, son ecosistemas""; denuncia SMA hundimiento salar oct 2024 (con Romero y Flores); defensa legal comunidades",2020-2026,CPA + vínculos OLCA + Colegio de Profesores Calama,Conexiones sindicales (Col. Profesores); audiencias registradas sistema lobby; vinculado Comunidad Séquitor
CONSEJO DE PUEBLOS ATACAMEÑOS (CPA),Francisco Mondaca Espíndola,Coordinador UMA-CPA / Consultor hidrología,Atacameño/Lickanantay,San Pedro de Atacama (Toconao),Coordinador UMA-CPA,Coordinador Unidad de Medio Ambiente CPA,Monitoreo ambiental 18 estaciones; denuncia ambiental vs SQM/Albemarle; seguimiento EIA/DIA; documentó impacto sistemas lagunares,2017-2026,Coord. MA CPA + coautor investigaciones UCN/UChile,Consultoría hidrología salares altoandinos; audiencias Congreso como asesor CPA
CONSEJO DE PUEBLOS ATACAMEÑOS (CPA),Jimena Cruz Mamani,Representante CPA / Investigadora,Atacameño/Lickanantay,Comunidad Atacameña de la Puna,—,Representante internacional CPA,"Reuniones internacionales Triángulo del Litio (ene 2025); ""no queremos ser parte de una transición energética que genera despojo""; enfoque feminista ante extractivismo; Primera Cumbre Intercultural Andina",2025,,Indian Law Resource Center; U. Colorado (Latin American Studies); OCMAL; autora tesis transformaciones familias atacameñas; NOTA: Rol formal dentro del CPA no verificado. Confirmada como arqueóloga atacameña (El Mostrador).
CONSEJO DE PUEBLOS ATACAMEÑOS (CPA),Pamela Condori Cruz,Ex-Tesorera CPA / Comisión fiscalizadora 2025,Atacameño/Lickanantay,Río Grande,Agricultora; gestora proyectos agrícolas,Ex-Tesorera CPA,Fundadora AMA (Alianza Mujer Atacameña); Centro Economía Circular financiado SQM; comisión fiscalizadora CPA ene 2025,2023-2025,Comunidad Río Grande → CPA → AMA,"Colaboración directa con SQM Litio a través de AMA; Fundación Tata Mallku; Comité Ambiental Comunal SPA; NOTA: Rol como ""fundadora AMA"" no pudo verificarse independientemente."
CONSEJO DE PUEBLOS ATACAMEÑOS (CPA),Luzvenia Catur Mamani,Ex-Vicepresidenta CPA / Comisión fiscalizadora 2025,Atacameño/Lickanantay,Toconao,Vicepresidenta Comunidad Toconao,Ex-Vicepresidenta CPA,Defensa territorio Toconao vs SQM; audiencias Min. Medio Ambiente; cuestionó representatividad CPA; investigación primeros poblamientos altoandinos,2023-2025,Comunidad Toconao → CPA,
CONSEJO DE PUEBLOS ATACAMEÑOS (CPA),Winder Flores,Consejero CPA,Atacameño/Lickanantay,Peine / Talabre,Consejero CPA,Consejero CPA,"Denuncia SMA hundimiento salar oct 2024; ""SQM aún tiene trabajo para superar años de desconfianza""; Centro Economía Circular SQM; HRIA contra SQM",2023-2026,Comunidad Peine → CPA,Vínculo con Centro Economía Circular financiado por SQM; colaboración documentos evaluación DDHH; NOTA: Comunidad específica (Peine/Talabre) no confirmada con certeza.
CONSEJO DE PUEBLOS ATACAMEÑOS (CPA),Pamela Ibarra Montana,Consejera CPA (desde ene 2025),Atacameño/Lickanantay,OLCI San Pedro de Atacama,Elegida con 2 votos en asamblea ene 2025,Consejera CPA,Entrevistada Observatorio Ciudadano proyecto Litio y DDHH; diálogo institucional,2025-presente,,(antes listada solo en Comunidad SPA). Fuente: Chululo ene 2025. Duplicar entrada si ya existe en sección Comunidades.
CONSEJO DE PUEBLOS ATACAMEÑOS (CPA),Ana Ramos,Ex-Presidenta CPA (~2016-2018),Atacameño/Lickanantay,San Pedro de Atacama,—,Ex-Presidenta CPA,Documentada como presidenta CPA en feb 2018 (Radio UCH); vicepresidenta CPA en evento Albemarle 2019. Período anterior a Salvatierra.,~2016-2018,,"—  . Fuentes: Radio UCH feb 2018, Albemarle Sustainable Mining 2019. Precedió a Salvatierra en el cargo."
CONSEJO DE PUEBLOS ATACAMEÑOS (CPA),Cristina Dorador Ortiz,Testigo experto CPA ante Tribunal Ambiental,,"Cuádruple cruce: Investigadora (U.Antofagasta/CeBiB), ex-constituyente, cofundadora OPSAL, perita judicial. Alertó sobre evaporación acelerada salares.",,[Cruce: Academia-Estado-ONG-Comunidades],"Perito demandas Consejo Defensa del Estado daño ambiental Salar Surire 2025; proyecto Anillo Litio y Salares; citada FIDH, Business & Human Rights",,,Puente clave entre conocimiento científico y defensa territorial
COMUNIDADES ATACAMEÑAS - SALAR DE ATACAMA,Comunidad Atacameña de Camar,Comunidad indígena,Atacameño/Lickanantay,"Camar, sur del Salar de Atacama",Héctor Mario Cruz Castro (presidente),Presidente,Firmó acuerdo directo con SQM (tensión interna); recurso Corte Suprema 2022; querella SQM; Cumbre del Litio 2025; Hoja de Ruta CIL Lithium; impidió inicio consulta oct 2024; financiamiento SQM agua potable/energía solar,2020-2026,,"Posición ambivalente: diálogo con industria + resistencia legal. ""La vida en Camar debe conservarse por los próximos 100 o 500 años""; VERIFICACIÓN: Héctor Cruz confirmado como presidente (La Tercera abr 2024, Redimin oct 2025). Segundo nombre ""Mario"" y apellido ""Castro"" no verificados independientemente."
COMUNIDADES ATACAMEÑAS - SALAR DE ATACAMA,Comunidad Atacameña de Catarpe,Comunidad indígena,Atacameño/Lickanantay,"Catarpe, San Pedro de Atacama",Mirta Solís Cenzano (presidenta 2022-2024),Presidenta,Parte del CPA,2020-2026,,
COMUNIDADES ATACAMEÑAS - SALAR DE ATACAMA,Comunidad Atacameña de Coyo,Comunidad indígena,Atacameño/Lickanantay,"Coyo (ayllu), San Pedro de Atacama",Anita Zamora / Lady Sandón Orellana (rotación o roles compartidos),Presidenta,"Recurso protección Corte Antofagasta jul 2025 vs Codelco-SQM (admisible); apelación Corte Suprema; vicio consulta indígena; ""imposición maquillada""; CIDH nov 2024",2020-2026,,Lady Sandón participó audiencia CIDH como rep. UMA-CPA; activismo trasciende fronteras nacionales; VERIFICADO: Lady Sandón confirmada como presidenta ~2021 y tesorera CPA. Testificó ante CIDH nov 2024. Anita Zamora NO verificada.
COMUNIDADES ATACAMEÑAS - SALAR DE ATACAMA,Comunidad Atacameña de Cúcuter,Comunidad indígena,Atacameño/Lickanantay,"Cúcuter (ayllu), San Pedro de Atacama",Manuel Salvatierra (presidente),Presidente,Parte del CPA,2020-2026,,
COMUNIDADES ATACAMEÑAS - SALAR DE ATACAMA,Comunidad Atacameña de Huatín (Guatín),Comunidad indígena,Atacameño/Lickanantay,"Guatín, San Pedro de Atacama",Roxana Torres (rep. OLCI Guatín); Wilma Tinte Flores (presidenta circa 2016),,Parte del CPA; Roxana Torres elegida VP CPA ene 2025,2020-2026,,
COMUNIDADES ATACAMEÑAS - SALAR DE ATACAMA,Comunidad Atacameña de Larache,Comunidad indígena,Atacameño/Lickanantay,"Larache (ayllu), San Pedro de Atacama",Héctor García (pdte. CPA desde ene 2025); Diego García Rivera (representante),,Mesa Multiactor; incidencia políticas gestión hídrica; base del nuevo presidente CPA,2020-2026,,Diego García Rivera aparece en actas Comisión Especial Investigadora Cámara Diputados
COMUNIDADES ATACAMEÑAS - SALAR DE ATACAMA,Comunidad Atacameña de Machuca,Comunidad indígena,Atacameño/Lickanantay,"Machuca, norte ADI Atacama La Grande",Eduarda Colque (presidenta) / Carolina Colomar (referencia anterior),Presidenta,Parte del CPA,2020-2026,,
COMUNIDADES ATACAMEÑAS - SALAR DE ATACAMA,Comunidad Atacameña de Peine,Comunidad indígena,Atacameño/Lickanantay,"Peine, sur del Salar de Atacama",Sergio Cubillos Verasay / Bernardino Barrera (pdte. directorio 2024),Presidente(s),Demandas judiciales; frenó proyecto Black Giant de EnergyX en Salar Punta Negra jul 2025; convenio Rockwood/Albemarle 2012; Mesa Multiactor; comunidad origen Oriana Mora,2020-2026,,"""Nuestra comunidad ha logrado frenar a EnergyX y no permitiremos nunca más proyectos extractivos en Salar de Punta Negra""; NOTA: Bernardino Barrera como ""pdte. directorio 2024"" no verificado. Amanda Barrera fue presidenta ~2020 (OCMAL)."
COMUNIDADES ATACAMEÑAS - SALAR DE ATACAMA,Comunidad Atacameña de Quitor,Comunidad indígena,Atacameño/Lickanantay,"Quitor (ayllu), San Pedro de Atacama",Wilson Reyes Araya (histórico); Gustavo Cruz (referencia anterior),Ex-Presidente CPA y de Quitor,Parte del CPA,2020-2026,,
COMUNIDADES ATACAMEÑAS - SALAR DE ATACAMA,Comunidad Atacameña de Río Grande,Comunidad indígena,Atacameño/Lickanantay,"Santiago de Río Grande, norte ADI Atacama La Grande","Francisco Terán (presidente) / Pamela Condori (ex-tesorera CPA, de Río Grande)",,"Programa ""Atacama Tierra Fértil"" con SQM (riego tecnificado); relación pragmática con industria; comunidad origen AMA",2020-2026,,
COMUNIDADES ATACAMEÑAS - SALAR DE ATACAMA,Comunidad Atacameña de San Pedro de Atacama,Comunidad indígena,Atacameño/Lickanantay,San Pedro de Atacama,Pamela Ibarra Montana (consejera CPA desde ene 2025),Consejera CPA / Presidenta comunidad,Parte del CPA; entrevistada Observatorio Ciudadano proyecto Litio y DDHH; diálogo institucional,2020-2026,,
COMUNIDADES ATACAMEÑAS - SALAR DE ATACAMA,Comunidad Atacameña de Socaire,Comunidad indígena,Atacameño/Lickanantay,"Socaire, sur del Salar de Atacama",Sandra Cruz Reales (2024) / Rodrigo Varas (2025),Presidente(a),"Crítica Codelco; audiencias Boric; solicitud representantes en Instituto Salares y Litio; plazo 100 días ""muy poco serio""; suspendió participación consulta Red Salares Protegidos nov 2025",2020-2026,,Ubicación estratégica: gran parte operaciones extractivas en su territorio. Alta exposición y vulnerabilidad directa; VERIFICADO: Sandra Cruz Reales confirmada extensamente hasta dic 2024. Rodrigo Varas como sucesor 2025 NO verificado.
COMUNIDADES ATACAMEÑAS - SALAR DE ATACAMA,Comunidad Atacameña de Solcor,Comunidad indígena,Atacameño/Lickanantay,"Solcor (ayllu), San Pedro de Atacama","Jorge Muñoz Coca (ex-pdte. 2016-2020, cofundador OPSAL)",,Semillero liderazgos críticos; resistencia expansión minería litio; documentada en estudios académicos territorialidad,2020-2026,,Margot Navea Casanova también referenciada como dirigente
COMUNIDADES ATACAMEÑAS - SALAR DE ATACAMA,Comunidad Atacameña de Solor,Comunidad indígena,Atacameño/Lickanantay,"Solor (ayllu), San Pedro de Atacama",Alexis Romero Ramos (tesorero CPA 2025; ex-pdte. CPA 2022-2024); Rudecindo Espíndola; Gerardo Ramos,,Posición confrontacional; base acciones legales vs SQM/Codelco; denuncia hundimiento salar oct 2024; rechazo extensión contrato 2060,2020-2026,,
COMUNIDADES ATACAMEÑAS - SALAR DE ATACAMA,Comunidad Atacameña de Séquitor,Comunidad indígena,Atacameño/Lickanantay,"Séquitor (ayllu), San Pedro de Atacama","Rosa Mendoza (rep. OLCI, candidata CPA 2025); Robert Maizares; Felisa López; Gregorio Maizares Fernández",,Parte del CPA,2020-2026,,Sergio Chamorro vinculado a esta comunidad
COMUNIDADES ATACAMEÑAS - SALAR DE ATACAMA,Comunidad Atacameña de Talabre,Comunidad indígena,Atacameño/Lickanantay,"Talabre, este del Salar de Atacama",Elisa Soza (presidenta; tesorera AiCPA) / Bernardo Armella (secretario CPA 2025),,"Vecina operaciones SQM; movilizaciones activas vs Codelco-SQM; tomas acceso salar; cooperación con SQM Litio (equipos médicos, albergues)",2020-2026,,Elisa Soza posición dialogante con SQM; Bernardo Armella posición más crítica
COMUNIDADES ATACAMEÑAS - SALAR DE ATACAMA,Comunidad Atacameña de Toconao,Comunidad indígena,Atacameño/Lickanantay,"Toconao, sur del Salar de Atacama",Yermin Basques Mondaca (presidente); Luzvenia Catur (VP); Evelyn Liendro Salva (directora),,"""El litio para nosotros significa la muerte porque nos extraen el agua""; tomas acceso faenas SQM; banderas negras luto; oposición activa Codelco-SQM; Huerto Solar Synertec",2020-2026,,"Cristian Espíndola Araya (agricultor/topógrafo, miembro OPSAL) también de Toconao"
COMUNIDADES ATACAMEÑAS - SALAR DE ATACAMA,Comunidad Atacameña de Yaye,Comunidad indígena,Atacameño/Lickanantay,"Yaye (ayllu), San Pedro de Atacama",Sin identificar presidente actual,,Parte del CPA,2020-2026,,
COMUNIDADES ATACAMEÑAS - SALAR DE ATACAMA,Oriana Mora Rodríguez,Investigadora / activista Lickanantay,Atacameño/Lickanantay,"Peine, Salar de Atacama",Lic. en Educación; Diploma DDHH Pueblos Indígenas,—,11 entrevistas Peine para Evaluación Impacto DDHH SQM (Böll); citada informe DDHH UDP 2023; columna Red Salares Protegidos abr 2024; citada Mongabay Latam nov 2024,2021-2026,Comunidad Peine + Obs. Ciudadano + F. Heinrich Böll,Obs. Ciudadano (Programa Globalización y DDHH); Radio U. de Chile; publicaciones sobre agua y derechos territoriales
COMUNIDADES ATACAMEÑAS - SALAR DE ATACAMA,Sonia Ramos Chocobar,Activista / cultora / defensora Lickanantay,Atacameño/Lickanantay,Calama / Salar de Atacama,—,—,"""El salar de Atacama es un condenado a muerte""; marchas y protestas Calama; denuncia ""minería de agua""",2024-2026,Defensora lickanantay + OPSAL + coinvestigadora PUC,OPSAL; IIED (Instituto Internacional Ambiente y Desarrollo); cosmovisión indígena como marco de resistencia
COMUNIDADES ATACAMEÑAS - SALAR DE ATACAMA,Cristian Espíndola Araya,Agricultor/topógrafo/investigador Lickanantay de Toconao,Atacameño/Lickanantay,"Toconao, Salar de Atacama",—,—,"Miembro OPSAL; coautor libro ""Salares Andinos: Ecología de Saberes""; denunció destrucción salar; alertas desde Salar de Tara; oficial seguridad protestas ene 2024",2024-2026,Comunidad Toconao + OPSAL,"Testimonio en informe ""Exhausted"" (NRDC) sobre agotamiento hídrico por litio"
COMUNIDADES ATACAMEÑAS - SALAR DE ATACAMA,Guadalupe Sansón,Comunera de Coyo,Atacameño/Lickanantay,"Coyo, Salar de Atacama",—,—,Denuncia de sequedad en territorio comunitario,2024-2026,,
COMUNIDADES ATACAMEÑAS - SALAR DE ATACAMA,Jorge Muñoz Coca,Comunidad de Solcor / cofundador OPSAL,,"Dirigente comunitario, agricultor 40 años, cofundador OPSAL (red Chile/Bolivia/Argentina). Ex-pdte. Solcor 2016-2020. Documentado por NRDC, MiningWatch Canada.",,[Cruce: Comunidad-ONG-Internacional],"Libro ""Salares Andinos"" 2024; documental ""Formando Rutas""; cuestionó acuerdos ante Min. Minería; declaraciones contra empresas canadienses litio",,,NRDC; MiningWatch Canada; FIDH; Business & Human Rights Resource Centre
COMUNIDADES ATACAMEÑAS - SALAR DE ATACAMA,Comunidades del Borde Sur del Salar,Alianza/coordinación comunitaria,Atacameño/Lickanantay,Sur del Salar de Atacama,"Toconao, Socaire, Camar, Talabre, Peine",—,"Bloque con demandas específicas ""afectación diferenciada"" por proximidad; exigieron garantías abr 2024; diálogo directo por litio; mayor afectación ambiental",2024-2026,,
COMUNIDADES ATACAMEÑAS - SALAR DE ATACAMA,Defensa del Salar de Atacama,Agrupación ciudadana,Mixta,San Pedro de Atacama,Sector turístico y académico,—,Organización local defensa ambiental del salar; denuncia agotamiento,2024-2026,,
COMUNIDADES COLLA,Consejo Nacional del Pueblo Colla (CNPC),"Organización indígena (de hecho, autoconvocada)",Colla,Región de Atacama,Elena Rivera Cardozo (presidenta) / Isabel Godoy (vocera/consejera),Presidenta / Vocera,Agrupa ~20 comunidades; pronunciamiento jun 2024 paralización inmediata CEOL Maricunga; denunció hostigamiento; pidió paralización consulta jul 2025 tras reunión violenta; recurso protección exclusión,2024-2026,,"Distinto de ""Asociación Indígena CNPC"" con personalidad jurídica formal"
COMUNIDADES COLLA,Comunidad Colla Pai Ote,Comunidad indígena,Colla,Valle de Paipote / altiplano Salar de Maricunga,Ercilia Araya Altamirano (presidenta y autoridad ancestral),Presidenta,"~60 familias; trashumancia ancestral; 4 juicios ganados vs mineras; criminalizada desde 2014; acuerdo SIMCO ene 2025 ""Producción de Sales Maricunga""; tercero coadyuvante causa Tianqi oct 2025; Comisión Minería Senado oct 2025; advirtió vs Río Tinto y Codelco",2016-2026,,"Land Rights Now; Obs. Ciudadano; IPDRS; OHCHR (informe ""Resistir en tiempos de litio"" feb 2026); F. Tanti; asesor legal: Ariel León; CORRECCIÓN: 66-70 familias (no ~60). ""4 juicios ganados"" requiere matiz: 2 victorias claras (Corte Suprema 2022), pero reclamaciones Tribunal Ambiental vs Proyecto Blanco rechazadas jul 2025. NOVEDAD: Pai Ote firmó acuerdo cooperación con SIMCO ene 2025."
COMUNIDADES COLLA,Comunidad Colla Diego de Almagro,Comunidad indígena (la más antigua de Atacama),Colla,"Diego de Almagro / Potrerillos, Atacama",Mireya del Carmen Morales Ramos (presidenta),Presidenta / Secretaria y Vocera,~100 socios; consulta CEOL Agua Amarga (13 acuerdos con ENAMI); cierre consulta dic 2024; mencionada por Boric en Cuenta Pública jun 2025; vínculo Minera Salar Blanco/Codelco,2023-2026,,"Vía institucional; ""velaremos por que todos los compromisos se cumplan al pie de la letra""; CORRECCIÓN: Son 25 socios activos + sus familias = ~100 personas total (no ~100 socios)."
COMUNIDADES COLLA,Comunidad Colla Flora Normilla,Comunidad indígena,Colla,"Copiapó, Atacama",Isabel Godoy Monardez (kuraka),Kuraka,Excluida consulta CEOL Maricunga; parte CNPC; protección Salar Maricunga como territorio sagrado; logró protección >13.000 ha Parque Nacional; panel SBAP dic 2025 (F. Tanti),2025-2026,,"""Los mineros solo dejan destrucción a su paso"" (Salares.org mar 2024); NOTA: BCN distingue ""Comunidad Kolla Ciudad Normilla"" y ""Comunidad Kolla Flora"". ""Flora Normilla"" como entidad única aparece en sentencias judiciales."
COMUNIDADES COLLA,Comunidad Colla Finca del Chañar,Comunidad indígena,Colla,"Copiapó, Atacama",Cindy Quevedo Monardez (kuraka/presidenta),Kuraka/Presidenta,Excluida consulta CEOL; título tierras desde 1923; protección salares; campaña firmas mar 2026 a Boric; informes técnicos protección lagunas; parte CNPC,2025-2026,,"Denunció polígono protegido deja fuera sitios nidificación flamencos cerca actividad minera; VERIFICADO: Nombre completo ""Comunidad Indígena Colla Finca del Chañar Quebrada Carrizalillo"". Cindy Quevedo Monardez confirmada (El Ciudadano feb 2026)."
COMUNIDADES COLLA,Comunidad Colla Ayllupura,Comunidad indígena,Colla,"Copiapó, Atacama",No identificado,,Recurso protección exclusión consulta CEOL Maricunga,2025,,
COMUNIDADES COLLA,Comunidad Colla Chiyagua,Comunidad indígena,Colla,"Diego de Almagro, Atacama",Nicolasa Gerónimo (presidenta),Presidenta,Participó consultas CEOL Agua Amarga; ayllu,2024-2026,,
COMUNIDADES COLLA,Comunidad Colla Geoxcultuxial,Comunidad indígena,Colla,"Diego de Almagro, Atacama",Víctor Marcial (presidente),Presidente,Consulta CEOL Agua Amarga,2024-2026,,
COMUNIDADES COLLA,Comunidad Colla Mártires Jerónimo,Comunidad indígena,Colla,"Diego de Almagro, Atacama",Marcelo Castro (presidente),Presidente,Consultas CEOL; vocero colla Red Salares Protegidos,2024-2026,,
COMUNIDADES COLLA,Comunidad Colla Runa Urka,Comunidad indígena,Colla,"Copiapó / Diego de Almagro, Atacama",No identificado,,Consulta CEOL Agua Amarga; recurso protección exclusión,2024-2026,,
COMUNIDADES COLLA,Comunidad Colla Monte Amargo,Comunidad indígena,Colla,"Copiapó, Atacama",No identificado,,Recurso protección exclusión consulta CEOL; firmante declaraciones públicas vs CEOL,2025-2026,,
COMUNIDADES COLLA,Comunidad Colla Sol Naciente de Pastos Grandes,Comunidad indígena,Colla,"Quebrada Paipote, Copiapó",No identificado,,Consulta CEOL Maricunga y Laguna Verde,2024-2026,,
COMUNIDADES COLLA,Comunidad Colla Sinchi Wayra,Comunidad indígena,Colla,"Sector San Andrés, Copiapó, Atacama",César 'Pacho Inti' González Gómez (representante legal),Representante legal / Dirigente,Recurso protección exclusión consulta,2023-2025,,
COMUNIDADES COLLA,Comunidad Colla Pastos Grandes,Comunidad indígena,Colla,"Copiapó, Atacama",Zulema Mancilla (presidenta),Presidenta,Consulta indígena,2024-2025,,
COMUNIDADES COLLA,Comunidad Colla de Copiapó (Quebrada de Paipote),Comunidad indígena,Colla,"Paipote, Copiapó, Atacama",Elena Rivera Cardozo (presidenta),Presidenta,Consulta indígena; Elena Rivera también presidenta CNPC,Desde 1995 / 2023-2026,Comunidad Copiapó → CNPC presidencia,
COMUNIDADES COLLA,Ariel León,Asesor legal Comunidad Colla Pai Ote,Colla,Atacama,—,Abogado,4 juicios ganados vs mineras Salar Maricunga; acusó gobierno por faltas consultas indígenas y procesos evaluación ambiental (BNamericas); Comisión DDHH Cámara Diputados,2014-2026,,"Estrategia legal clave en resistencia Pai Ote; conexión redes DDHH; PRECISIÓN: Ariel León Bacián es asesor estratégico/político, no abogado formal. Abogado patrocinante fue Hugo Castro en caso Corte Suprema. León también aparece como ""vocero quechua"" en contexto licitación litio 2022. | Fusión: fila duplicada en ONGs-Expertos indicaba además representación en litigios Salar Maricunga (4 juicios ganados vs mineras)"
COMUNIDADES COLLA,Isabel Godoy Monardez,Comunidad Colla Flora Normilla / Ex-constituyente,,"Kuraka Flora Normilla; ex-convencional constituyente (Escaños Reservados, Atacama/Coquimbo 2021); VP Adjunta Convención; ex presa política dictadura; candidata CORE 2025.",,[Cruce: Comunidad-Estado],"""Para nosotros no es litio, es agua, y el agua vale más que el litio""",,,"Contadora, activista, política. Voz crítica radical con alta visibilidad internacional."
COMUNIDADES COLLA,Comunidad Colla de Río Jorquera y sus Afluentes,Comunidad indígena (fundada 1995),Colla,"Alta cordillera, Tierra Amarilla, Atacama (~3.000 msnm, 90 km de Copiapó)",No identificado presidente actual,,Una de las 3 primeras comunidades colla constituidas (1995). ~55-60 familias. 451.948 ha. Tesoros Humanos Vivos 2010. Trashumancia activa. Asistió a reunión CEOL Maricunga pero fue EXCLUIDA.,1995-2026,,". Fuentes: SIGPA, EcuRed, Chile Cultura, FIA. Potencialmente afectada por CEOL Maricunga."
COMUNIDADES COLLA,Comunidad Colla Tata Inti Los Loros,Comunidad indígena,Colla,"Los Loros, Tierra Amarilla, Atacama",No identificado,,Participó en recurso Corte Suprema vs SIMCO junto a Pai Ote (2022). Asistió a planificación CEOL Maricunga pero fue EXCLUIDA.,2022-2026,,". Fuentes: sentencias judiciales, Atacama Noticias nov 2025."
COMUNIDADES COLLA,Comunidad Colla de Potrerillos,Comunidad indígena (fundada 1995),Colla,"Potrerillos / Agua Dulce, Chañaral, Atacama",No identificado,,"Una de las 3 primeras comunidades colla constituidas (1995). Zona El Salvador/Portal del Inca. Relación histórica con minería (Andes Cooper, Codelco Salvador).",1995-2026,,". Fuente: Ley Indígena, CONADI, Caserones. Codelco entregó viviendas feb 2026 (Radio Maray)."
COMUNIDADES COLLA,Comunidad Colla Waira Manta Tuj'sí de Tierra Amarilla,Comunidad indígena (formada 2001),Colla,"Tierra Amarilla, Atacama",No identificado,,"Formada en 2001. Sin vinculación directa verificada con CEOL, pero territorio potencialmente afectado.",2001-2026,,. Fuente: informes antropológicos Pueblo Colla (Fundación Tantí).
COMUNIDADES COLLA,Comunidad Colla Pacha Churi Kai de Los Loros,Comunidad indígena (formada 2002),Colla,"Los Loros, Tierra Amarilla, Atacama",No identificado,,Formada en 2002. Sin vinculación directa verificada con CEOL.,2002-2026,,.
COMUNIDADES COLLA,Comunidad Ancestral Wara,Comunidad indígena (en proceso),Colla,"Quebrada Chañaral Alto, Atacama",No identificado,,En conflicto por derechos de agua. En proceso de obtener personalidad jurídica CONADI.,2024-2026,,. Fuente: informes antropológicos.
COMUNIDADES COLLA,Comunidad Colla Juntas del Potro y sus Afluentes,Comunidad indígena,Colla,"Sector Juntas del Potro, Tierra Amarilla, Atacama",No identificado,,Mencionada por minera Caserones en programa de relacionamiento comunitario.,2020-2026,,. Fuente: brochure Caserones 2022.
COMUNIDADES COLLA,Comunidad Colla Vizcacha de Pulido y sus Afluentes,Comunidad indígena,Colla,"Sector Pulido, Tierra Amarilla, Atacama",No identificado,,Mencionada por minera Caserones en programa de relacionamiento comunitario.,2020-2026,,. Fuente: brochure Caserones 2022.
COMUNIDADES QUECHUA,Comunidad Indígena Quechua de Ollagüe,Comunidad indígena,Quechua,"Ollagüe, Antofagasta (frontera Bolivia)",Víctor Nina Huanca (presidente),Presidente,5% participación + asiento directorio Kuska Minerals SpA (joint venture con Wealth Minerals); 180 socios; 8 acuerdos unánimes CEOL Ollagüe sep 2025; modelo inédito participación indígena en propiedad,2025-2026,,Primer dirigente indígena en directorio empresa litio en Chile
COMUNIDADES QUECHUA,Comunidad Quechua Cebollar de Ascotán,Comunidad indígena,Quechua,"Cebollar Ascotán, Antofagasta","Vanesa Bello Quispe (presidenta, confirmada sept 2025 por El Norte)",,Consulta CEOL Ascotán; 8 acuerdos unánimes; acuerdo cooperación First Lithium Minerals (proyecto OCA); conflictos socioambientales documentados,2025,,"Ubicada entre límite Reserva Nacional Alto Loa y Salar de Ascotán; ADICIÓN: Vanesa Bello Quispe identificada como presidenta (El Norte sept 2025, cierre CEOL)."
COMUNIDADES QUECHUA,Comunidad Quechua Puquios,Comunidad indígena,Quechua,"Ollagüe, Antofagasta",No identificado,,"Consulta CEOL Ollagüe/Ascotán; declaraciones conjuntas alerta ""preocupante estado"" salares",2025,,
COMUNIDADES QUECHUA,Comunidad Quechua Kosca,Comunidad indígena,Quechua,"Ollagüe, Antofagasta",No identificado,,Consulta CEOL Ollagüe/Ascotán; alerta presión extractiva podría colapsar ecosistema,2025,,
COMUNIDADES QUECHUA,Comunidad Quechua de Huatacondo,Comunidad indígena,Quechua,"Huatacondo, Pozo Almonte, Tarapacá","Karen Barreda (secretaria, representante en consulta)",Secretaria,"7 acuerdos sector Hilaricos nov 2025; ""primera vez desde el gobierno nos consideran""; relación histórica minera Teck; formada para protegerse de grandes mineras",2020-2026,,Posición de agradecimiento por inclusión institucional; contraste con otros pueblos
COMUNIDADES QUECHUA,Víctor Nina Huanca,Presidente Comunidad Quechua Ollagüe / Director Kuska Minerals,Quechua,"Ollagüe, Antofagasta",—,Presidente comunidad + Director empresa,"""Nuestra comunidad conoce mejor nuestro territorio y tiene mucho que decir sobre dónde y cómo se puede desarrollar un proyecto minero allí""",2025-2026,Comunidad Ollagüe → Directorio Kuska Minerals,Modelo precedente: participación accionaria indígena + gobernanza compartida
COMUNIDADES QUECHUA,Kuska Minerals SpA,Joint venture Wealth Minerals (95%) + Comunidad Ollagüe (5%),,"Salar de Ollagüe, Antofagasta","Directorio: Henk van Alphen, Marcelo Awad, Francisco Lepeley, Stephen Foot, Víctor Nina Huanca",,Proyecto Kuska: 10.500 ha (105 km²); producción proyectada 20.000 ton LCE/año; inversión US$ 749M; CEOL en trámite,2025,,Modelo inédito en Chile: primera participación accionaria indígena directa en proyecto litio
COMUNIDADES AYMARA,Comunidad Aymara de Quillagua,Comunidad indígena,Aymara,"Quillagua, María Elena, Antofagasta (cuenca Río Loa)",Violeta Oxa (presidenta 2025) / Víctor Palape (período anterior),Presidenta,"4 consultas: 3 CEOL Quillagua Norte/Sur/Laguna (ago 2025, 8 acuerdos) + CEOL Hilaricos (nov 2025, 7 acuerdos); 24 acuerdos CEOL total; ""recién un comienzo, progreso a futuro""",2020-2026,,Historia documentada conflictos ambientales contaminación Río Loa; comunidad más activa en procesos consultivos
COMUNIDADES AYMARA,"Comunidad de Chalvire, Cariquima",Comunidad indígena,Aymara,"Cariquima, Colchane, Tarapacá (cerca Salar Surire)",Adimelia Moscoso García / Sin identificar presidente actual,,"Oposición Salar Coipasa; pastoreo llamas/alpacas, cultivo quinua, bofedales; OHCHR advierte amenaza extracción litio a modo de vida ancestral",2020-2026,,"Información limitada; potencial futura área de conflicto; Salar Surire es Monumento Nacional; VERIFICADO: Adimelia Moscoso García confirmada (El Ciudadano jun 2025, Radio Ayni). Salar Coipasa: 2.218 km², compartido Chile-Bolivia, conexiones hidrológicas con Uyuni. CEOL suspendido abr 2025 por rechazo comunitario."
COMUNIDADES AYMARA,Violeta Oxa,Representante/Presidenta Comunidad Aymara Quillagua,Aymara,"Quillagua, Antofagasta",—,Presidenta / Representante,"Participación en 4 consultas CEOL; posición de apertura al desarrollo; ""recién un comienzo"" y ""progreso a futuro""",2024-2026,,Vía negociación institucional; contraste con posiciones resistencia total
COMUNIDADES AYMARA,Comunidad Indígena Aymara Central Citani,Comunidad indígena,Aymara,"Colchane, Tarapacá (Salar de Coipasa)",No identificado,,"Incluida en consulta CEOL Coipasa (Res. 2748, oct 2024); proceso suspendido abr 2025 por rechazo comunitario",2024-2026,,". Fuente: La Tercera dic 2024, El Mostrador dic 2024."
COMUNIDADES AYMARA,Comunidad Indígena Aymara Pueblo de Colchane,Comunidad indígena,Aymara,"Colchane, Tarapacá (Salar de Coipasa)",No identificado,,Incluida en consulta CEOL Coipasa; proceso suspendido abr 2025,2024-2026,,. Postulantes CEOL: SCM Copiapó (Grupo Errázuriz) + Lithium Chile.
COMUNIDADES AYMARA,Comunidad Indígena Pueblo de Pisiga Carpa,Comunidad indígena,Aymara,"Pisiga Carpa, Colchane, Tarapacá",No identificado,,Incluida en consulta CEOL Coipasa; proceso suspendido abr 2025,2024-2026,,". Salar Coipasa: 3.700 msnm, 2.218 km², frontera Chile-Bolivia."
COMUNIDADES AYMARA,Comunidad Indígena Aymara Pisiga Choque,Comunidad indígena,Aymara,"Pisiga Choque, Colchane, Tarapacá",No identificado,,Incluida en consulta CEOL Coipasa; proceso suspendido abr 2025,2024-2026,,.
COMUNIDADES AYMARA,Comunidad Indígena Aymara Colchane Andino Nº 2,Comunidad indígena,Aymara,"Colchane, Tarapacá",No identificado,,Incluida en consulta CEOL Coipasa; proceso suspendido abr 2025,2024-2026,,.
COMUNIDADES AYMARA,Comunidad Aymara de Ancovinto,Comunidad indígena,Aymara,"Ancovinto, Colchane, Tarapacá",Joel Gómez Mamani (presidente),Presidente,EXCLUIDA de consulta CEOL Coipasa pese a que 1/3 de su territorio se superpone con polígono CEOL. Recurso protección Corte Iquique dic 2024 (rechazado). Gobierno se comprometió a nuevo decreto incluyéndola.,2024-2026,,". Fuente: La Tercera ene 2025, El Mostrador dic 2024. Caso paradigmático de exclusión."
ARASPA,ARASPA (Asoc. Atacameña Regantes y Agricultores de SPA),Asociación indígena funcional (fundada 24 mayo 1995),Atacameño/Lickanantay,San Pedro de Atacama,Benigno Reyes (presidente),Presidente,Derechos agua río San Pedro; recurso protección vs consulta CORFO jul 2025 (admisible en primera instancia); Corte Suprema ratificó validez consulta ene 2026; Mesa Multiactor desde 2021; defensa agua agrícola vs extracción salmuera,1995-2026,,Legitimidad específica: derechos hídricos legalmente inscritos sobre río San Pedro
ARASPA,Benigno Reyes,Presidente ARASPA,Atacameño/Lickanantay,San Pedro de Atacama,—,Presidente,"Vocero Mesa Multiactor; lanzamiento Fundación Mesa Multiactor en Berlín feb 2025; ""Este proyecto nos ha permitido construir puentes de diálogo""; posición dialogante pero crítica",2021-2026,,Interlocutor clave entre comunidades/empresas/Estado en gobernanza hídrica
ARASPA,Rosa Ramos,Representante ASEMTIAL en Mesa Multiactor — NO ES DE ARASPA,Atacameño/Lickanantay,San Pedro de Atacama,—,Representante,Participación Mesa Multiactor; equilibrio desarrollo agrícola tradicional vs impactos minería,2021-2026,,"Fusión: fila duplicada en Empresas Mineras (Rosa Ramos, Presidenta ASEMTIAL) eliminada; ver también ASEMTIAL en Mesa Multiactor"
ARASPA,Javier Herrera,Abogado — NO es de ARASPA,,Chile,—,"CORRECCIÓN: No es miembro de ARASPA. Es abogado asociado de Mauricio Daza que representó a la Comunidad de Coyo en recurso contra CORFO (jul 2025, Rol admisible). El abogado de ARASPA es Diego Ogass Cáceres.","Investigación no arrojó resultados concluyentes; posible dirigente de base, ex-dirigente o referencia incorrecta. El representante confirmado de ARASPA es Benigno Reyes.",—,,REFERENCIA CORREGIDA: Reasignar a Comunidad de Coyo. Fuente: El Ciudadano jul 2025.
ASOCIACIONES INDÍGENAS,Consejo de Asociaciones Indígenas Atacama La Grande,Organización indígena (agrupa 22 asociaciones),Atacameño/Lickanantay,"Atacama La Grande, San Pedro de Atacama",Hugo Flores (presidente),Presidente,"Excluido aportes SQM/CORFO (2020: solo 21 comunidades CONADI elegibles); recurso protección jun 2025 vs consulta (sin legitimación activa); confrontación abierta ENL; ""Si no tenemos agua, estamos muertos como pueblo""; metáfora ""funeral"" en medios",2025-2026,,"Distinto del CPA (18 comunidades). Incluye: asoc. funcionales, mujeres, culturales, desarrollo productivo. 22 asociaciones diversas.; CORRECCIÓN: El propio Consejo se describe agrupando 13 asociaciones (no 22). La cifra 22 puede referirse al total de asociaciones no-comunitarias en consulta CORFO."
ASOCIACIONES INDÍGENAS,Hugo Flores,Presidente Consejo Asoc. Indígenas Atacama La Grande,Atacameño/Lickanantay,San Pedro de Atacama,—,Presidente,"""El proceso de consulta ha sido una farsa, un funeral donde ya estaban tomadas las decisiones""; cuestionó vicios consulta Radio AYNI ago 2025; presencia Radio JGM, La Tercera, El Ciudadano",2025-2026,,Representación legal por Iván Cheuquelaf; estrategia comunicacional amplia; pronunciamiento contexto electoral nov 2025
ASOCIACIONES INDÍGENAS,ARASPA (Regantes y Agricultores de San Pedro),Asociación indígena funcional,Atacameño/Lickanantay,San Pedro de Atacama,Benigno Reyes (presidente),Miembro Consejo Asociaciones,También en Mesa Multiactor; derechos hídricos río San Pedro,1995-2026,ARASPA → Mesa Multiactor → Consejo Asoc.,
ASOCIACIONES INDÍGENAS,Asoc. Regantes y Agricultores de Toconao,Asociación indígena funcional,Atacameño/Lickanantay,Toconao,,Miembro Consejo Asociaciones,Riego agrícola Quebrada de Jérez,,,
ASOCIACIONES INDÍGENAS,Asoc. Regantes y Agricultores de Soncor,Asociación indígena funcional,Atacameño/Lickanantay,Soncor,,Miembro Consejo Asociaciones,,,,
ASOCIACIONES INDÍGENAS,Asoc. Regantes y Agricultores de Zapar,Asociación indígena funcional,Atacameño/Lickanantay,Zapar,,Miembro Consejo Asociaciones,,,,
ASOCIACIONES INDÍGENAS,Asoc. Regantes y Agricultores de Paso Jama,Asociación indígena funcional,Atacameño/Lickanantay,Paso Jama,,Miembro Consejo Asociaciones,,,,
ASOCIACIONES INDÍGENAS,Asoc. Regantes del Río Vilama,Asociación indígena funcional,Atacameño/Lickanantay,Vilama,Claudia Cabezas Aramayo (presidenta),Miembro Consejo Asociaciones,También en Mesa Multiactor,,Vilama → Mesa Multiactor → Consejo Asoc.,
ASOCIACIONES INDÍGENAS,Asoc. Regantes y Agricultores de Matancilla,Asociación indígena funcional,Atacameño/Lickanantay,Matancilla,,Miembro Consejo Asociaciones,,,,
ASOCIACIONES INDÍGENAS,Asoc. Regantes de Aguas Blancas,Asociación indígena funcional,Atacameño/Lickanantay,Aguas Blancas,,Miembro Consejo Asociaciones,,,,
ASOCIACIONES INDÍGENAS,Asoc. Regantes de Celeste,Asociación indígena funcional,Atacameño/Lickanantay,Celeste,,Miembro Consejo Asociaciones,,,,
ASOCIACIONES INDÍGENAS,Asoc. Agricultores e Indígenas de Séquitor y Larache,Asociación indígena funcional,Atacameño/Lickanantay,Séquitor/Larache,,Miembro Consejo Asociaciones,,,,
ASOCIACIONES INDÍGENAS,Asoc. Indígena de Ganaderos/as de Talabre,Asociación indígena funcional,Atacameño/Lickanantay,Talabre,,Miembro Consejo Asociaciones,Ganadería,,,
ASOCIACIONES INDÍGENAS,Asoc. Likan Antai Ganaderos Camélidos de la Puna,Asociación indígena funcional,Atacameño/Lickanantay,Puna atacameña,,Miembro Consejo Asociaciones,Ganadería camélidos,,,
ASOCIACIONES INDÍGENAS,Asoc. Indígena Pecuaria de San Pedro,Asociación indígena funcional,Atacameño/Lickanantay,San Pedro de Atacama,,Miembro Consejo Asociaciones,Pecuaria,,,
ASOCIACIONES INDÍGENAS,Asoc. Ganaderos y Agricultores Tambillo Lickan Silar,Asociación indígena funcional,Atacameño/Lickanantay,Tambillo,,Miembro Consejo Asociaciones,Ganadería/Agricultura,,,
ASOCIACIONES INDÍGENAS,Asoc. Agropastoril Tulva Nisaya,Asociación indígena funcional,Atacameño/Lickanantay,Varios,,Miembro Consejo Asociaciones,Agropastoril,,,
ASOCIACIONES INDÍGENAS,Ecored Lickan Antay,Asociación indígena funcional,Atacameño/Lickanantay,San Pedro de Atacama,,Miembro Consejo Asociaciones,Turismo indígena,,,
ASOCIACIONES INDÍGENAS,Saire Haalar,Asociación indígena funcional,Atacameño/Lickanantay,San Pedro de Atacama,,Miembro Consejo Asociaciones,Turismo,,,
ASOCIACIONES INDÍGENAS,Red Turismo Rural Licanhuasi,Asociación indígena funcional,Atacameño/Lickanantay,Varios,,Miembro Consejo Asociaciones,Turismo rural,,,
ASOCIACIONES INDÍGENAS,Eco-Etno Turismo Pozo Tres,Asociación indígena funcional,Atacameño/Lickanantay,Pozo Tres,,Miembro Consejo Asociaciones,Ecoturismo,,,
ASOCIACIONES INDÍGENAS,Kunza Hoiri,Asociación indígena funcional,Atacameño/Lickanantay,San Pedro de Atacama,,Miembro Consejo Asociaciones,Turismo cultural,,,
ASOCIACIONES INDÍGENAS,Valle de la Luna y Valle de Marte,Asociación indígena funcional,Atacameño/Lickanantay,Valle de la Luna,,Miembro Consejo Asociaciones,Turismo,,,
ASOCIACIONES INDÍGENAS,Espíritu Antay Ancestral,Asociación indígena funcional,Atacameño/Lickanantay,San Pedro de Atacama,,Miembro Consejo Asociaciones,Cultural,,,
ASOCIACIONES INDÍGENAS,Costumbres y Tradiciones de Toconao,Asociación indígena funcional,Atacameño/Lickanantay,Toconao,,Miembro Consejo Asociaciones,Cultural,,,
ASOCIACIONES INDÍGENAS,Asoc. para la Difusión de la Cultura Lickanantai,Asociación indígena funcional,Atacameño/Lickanantay,San Pedro de Atacama,,Miembro Consejo Asociaciones,Cultural,,,
MESA MULTIACTOR Y GOBERNANZA TERRITORIAL,Mesa Multiactor del Salar de Atacama,Instancia de gobernanza hídrica (constituida como Fundación feb 2025),,Salar de Atacama,Coordinada por María Gabriela Molina; facilitada por GIZ (cooperación alemana),—,"Creada 2021; reúne comunidades, ARASPA, ASEMTIAL, Estado, academia, SQM, Albemarle; optimización uso agua; presentada internacionalmente en Berlín",2021-2026,,"Modelo pionero gobernanza hídrica. Participantes: Larache (García), Camar, Socaire, Toconao, ARASPA, gremio turismo"
MESA MULTIACTOR Y GOBERNANZA TERRITORIAL,María Gabriela Molina,Coordinadora Mesa Multiactor Salar de Atacama,,San Pedro de Atacama,—,Coordinadora,"Coordinación espacio gobernanza que reúne comunidades, empresas y Estado",2021-2026,,
MESA MULTIACTOR Y GOBERNANZA TERRITORIAL,Comunidad Atacameña de Camar,Comunidad indígena,Atacameño/Lickanantay,"Camar, Salar de Atacama",,Miembro Mesa Multiactor,Participante permanente desde 2021,2021-2026,También miembro CPA,
MESA MULTIACTOR Y GOBERNANZA TERRITORIAL,Comunidad Atacameña de Tulor y Beter,Comunidad indígena,Atacameño/Lickanantay,San Pedro de Atacama,,Miembro Mesa Multiactor,Participante permanente,2021-2026,,
MESA MULTIACTOR Y GOBERNANZA TERRITORIAL,Comunidad Atacameña de Catarpe,Comunidad indígena,Atacameño/Lickanantay,"Catarpe, San Pedro de Atacama",,Miembro Mesa Multiactor,Participante permanente,2021-2026,También miembro CPA,
MESA MULTIACTOR Y GOBERNANZA TERRITORIAL,Comunidad Atacameña de Guatín,Comunidad indígena,Atacameño/Lickanantay,"Guatín, San Pedro de Atacama",,Miembro Mesa Multiactor,Participante permanente,2021-2026,También miembro CPA; VP CPA Roxana Torres,
MESA MULTIACTOR Y GOBERNANZA TERRITORIAL,Comunidad Atacameña de Larache,Comunidad indígena,Atacameño/Lickanantay,"Larache, San Pedro de Atacama",,Miembro Mesa Multiactor,Participante permanente; base pdte CPA Héctor García,2021-2026,También miembro CPA,
MESA MULTIACTOR Y GOBERNANZA TERRITORIAL,Cámara de Comercio y Turismo de San Pedro de Atacama,Gremio,,San Pedro de Atacama,,Miembro Mesa Multiactor,Representación sector comercial y turístico local,2021-2026,,
MESA MULTIACTOR Y GOBERNANZA TERRITORIAL,CORPORATUR (Corporación de Turismo de SPA),Corporación,,San Pedro de Atacama,,Miembro Mesa Multiactor,Corporación de Turismo de San Pedro de Atacama,2021-2026,,
MESA MULTIACTOR Y GOBERNANZA TERRITORIAL,ASTROLOA (Asoc. Astroturismo de SPA),Asociación,,San Pedro de Atacama,,Miembro Mesa Multiactor,Asociación de Astroturismo,2021-2026,,
MESA MULTIACTOR Y GOBERNANZA TERRITORIAL,ASEMTIAL (Asoc. Empresarial Turismo Indígena Atacameño),Asociación indígena,Atacameño/Lickanantay,San Pedro de Atacama,,Miembro Mesa Multiactor,Turismo indígena,2021-2026,,
MESA MULTIACTOR Y GOBERNANZA TERRITORIAL,CAPRA (Comité Agua Potable Rural y Alcantarillado SPA),Comité APR,,San Pedro de Atacama,Nelson Malebrán (posible vínculo),Miembro Mesa Multiactor,Incorporado oct-nov 2022; agua potable y saneamiento,2022-2026,,
MESA MULTIACTOR Y GOBERNANZA TERRITORIAL,CORFO Antofagasta,Institución Estado,,Antofagasta,,Observador Mesa Multiactor,Participación como observador,2021-2026,,
MESA MULTIACTOR Y GOBERNANZA TERRITORIAL,DGA Antofagasta (Dirección General de Aguas),Institución Estado,,Antofagasta,,Observador Mesa Multiactor,Monitoreo hídrico; participación como observador,2021-2026,,
MESA MULTIACTOR Y GOBERNANZA TERRITORIAL,Municipalidad de San Pedro de Atacama,Gobierno local,,San Pedro de Atacama,,Observador Mesa Multiactor,Participación como observador,2021-2026,,
MESA MULTIACTOR Y GOBERNANZA TERRITORIAL,Universidad Católica del Norte (UCN),Universidad,,Antofagasta,,Miembro Mesa Multiactor,Miembro permanente; investigación hídrica,2021-2026,,"Colaboran también: Centro Políticas Públicas PUC, U. Chile, UMass Amherst"
MESA MULTIACTOR Y GOBERNANZA TERRITORIAL,CAZALAC,Organismo internacional,,La Serena,,Miembro Mesa Multiactor,Centro del Agua para Zonas Áridas y Semi Áridas de América Latina y el Caribe,2021-2026,,
MESA MULTIACTOR Y GOBERNANZA TERRITORIAL,GIZ (Deutsche Gesellschaft für Internationale Zusammenarbeit),Cooperación internacional,,Alemania/Chile,,Impulsor y facilitador,Responsible Lithium Partnership; impulsó creación Mesa 2021,2021-2025,,RLP concluyó feb 2025; Mesa continuó como Fundación
MESA MULTIACTOR Y GOBERNANZA TERRITORIAL,BASF,Empresa química,,Alemania,,Financiador RLP,Parte del consorcio automotriz europeo que financió la Mesa,2021-2025,,
MESA MULTIACTOR Y GOBERNANZA TERRITORIAL,BMW Group,Empresa automotriz,,Alemania,,Financiador RLP,,2021-2025,,
MESA MULTIACTOR Y GOBERNANZA TERRITORIAL,Fairphone,Empresa tecnología,,Países Bajos,,Financiador RLP,,2021-2025,,
MESA MULTIACTOR Y GOBERNANZA TERRITORIAL,Mercedes-Benz Group,Empresa automotriz,,Alemania,,Financiador RLP,,2021-2025,,
MESA MULTIACTOR Y GOBERNANZA TERRITORIAL,Volkswagen Group,Empresa automotriz,,Alemania,,Financiador RLP,,2021-2025,,
MESA MULTIACTOR Y GOBERNANZA TERRITORIAL,ClimateWorks Foundation,Fundación,,EE.UU.,,Financiador Fundación Mesa Multiactor,Financiamiento comprometido hasta fines 2027,2025-2027,,
ACTORES EMPRESARIALES EN TERRITORIO,Javier Silva,Gerente Sostenibilidad y Relacionamiento Comunitario SQM Litio,,Chile,—,Gerente SQM Litio,"Principal interlocutor SQM vs comunidades; Foro del Litio; evaluación IRMA; programa AMA mujeres atacameñas; ""camino beneficioso para todos""",2024-2026,,SQM: >US$130M a comunidades 2018-2024; US$29M congelados 2023; extensión contrato 2060 con Codelco
ACTORES EMPRESARIALES EN TERRITORIO,María Alejandra Zuleta,Subgerente Asuntos Comunitarios SQM Litio,,Chile,—,Subgerente SQM Litio,Enlace corporativo con Toconao,2024-2026,,"SQM Litio - relacionamiento territorial; VERIFICADO: Perfil LinkedIn confirma ""socióloga atacameña, especialista en pueblos indígenas""."
ACTORES EMPRESARIALES EN TERRITORIO,Roberto Fica,Gerente de Proyectos SYNERTEC (NO SQM),,Chile,—,"CORRECCIÓN: Roberto Fica pertenece a Synertec (empresa ingeniería energía solar), NO a SQM Litio. Ejecutó Huerto Solar Toconao inaugurado 28 nov 2025. Fuente: enlalinea.cl, elamerica.cl.",Huerto Solar Toconao (>12 años de trabajo); gestión proyecto solar,2025,,ERROR CORREGIDO: Atribución original a SQM era incorrecta. Synertec es empresa de proyectos energéticos.
ACTORES EMPRESARIALES EN TERRITORIO,CIL Lithium (Cámara Internacional del Litio y Energías),Gremio empresarial litio,,Chile,Pamela Goicovich (presidenta directorio),—,"Cumbre del Litio y Nuevas Energías; Hoja de Ruta 2030; ""el mercado de litio es geopolítico""",2025,,Goico Group representa empresas internacionales interesadas en litio Chile/Argentina |  CRUCES Reportes: Convergencia industria-tecnología con Rain City Resources. Cumbre Litio y Energías. Quiñones (Dir. Estratégico) también Head LATAM Rain City.
ACTORES EMPRESARIALES EN TERRITORIO,Pamela Goicovich,Presidenta CIL Lithium / Goico Group,,Chile,—,Presidenta directorio,Organización cumbres litio; Hoja de Ruta 2030; cooperación Estado-industria-academia-comunidades,2025,,"Representante desde ~2010 de empresas ingeniería, tecnología y capital internacional en ecosistema litio"
ACTORES EMPRESARIALES EN TERRITORIO,Synertec,Empresa energía solar (chileno-coreana),,Chile,Roberto Fica (project manager referenciado en SQM),—,Parque fotovoltaico 3.750 paneles San Pedro; soluciones energía renovable descentralizada; planta solar 1MW + almacenamiento 4MWh Toconao nov 2025,2025-2026,,Intersección transición energética-desarrollo local-industria litio; NOTA: Roberto Fica es project manager de Synertec (no de SQM como se indicaba antes). Huerto Solar Toconao inaugurado 28 nov 2025.
ACTORES EMPRESARIALES EN TERRITORIO,Sofia Lee,MIPYME Energía,,Chile,,Gerente Desarrollo,Energía renovable comunidades,2025,,Reubicado desde 'ONGs y ambiente' (sección ¿A dónde mover?)
ACTORES EMPRESARIALES EN TERRITORIO,Juny Park,MIPYME Energía,,Chile,,Gerente General,Microrredes híbridas 14 comunidades atacameñas,2025,,Cruce Empresa-Comunidades: microrredes para comunidades atacameñas | Reubicado desde 'ONGs y ambiente' (sección ¿A dónde mover?)
ACTORES EMPRESARIALES EN TERRITORIO,EMPRESAS TURÍSTICAS Y SERVICIOS LOCALES (SAN PEDRO DE ATACAMA),,,,,,,,,Empresas locales de turismo y servicios; Reubicado desde 'Empresas Mineras'
ACTORES EMPRESARIALES EN TERRITORIO,Araya Atacama,Empresa,,San Pedro de Atacama,,,Área: Agencia turistica,2020-2026,,
ACTORES EMPRESARIALES EN TERRITORIO,Atacama Lodge Rukazen,Empresa,,San Pedro de Atacama,,,Área: Hotel,2020-2026,,
ACTORES EMPRESARIALES EN TERRITORIO,Atacama Viajes,Empresa,,San Pedro de Atacama,,,Área: Agencia turistica,2020-2026,,
ACTORES EMPRESARIALES EN TERRITORIO,Aura Andina Restaurant,Empresa,,San Pedro de Atacama,,,Área: Restaurant,2020-2026,,
ACTORES EMPRESARIALES EN TERRITORIO,Carlos Ramos,Empresa,,San Pedro de Atacama,,,Área: Dueño hotel Don Raul,2020-2026,,
ACTORES EMPRESARIALES EN TERRITORIO,Ckunza Tilar,Empresa,,San Pedro de Atacama,,,Área: Restaurant,2020-2026,,
ACTORES EMPRESARIALES EN TERRITORIO,Feel Atacama,Empresa,,San Pedro de Atacama,,,Área: Agencia turistica,2020-2026,,
ACTORES EMPRESARIALES EN TERRITORIO,Horizonte Atacama,Empresa,,San Pedro de Atacama,,,Área: Agencia turistica,2020-2026,,
ACTORES EMPRESARIALES EN TERRITORIO,Hotel Corvatsch,Empresa,,San Pedro de Atacama,,,Área: Hotel,2020-2026,,
ACTORES EMPRESARIALES EN TERRITORIO,Hotel Cumbres,Empresa,,San Pedro de Atacama,,,Área: Hotel,2020-2026,,
ACTORES EMPRESARIALES EN TERRITORIO,Hotel Diego de Almagro,Empresa,,San Pedro de Atacama,,,Área: Hotel,2020-2026,,
ACTORES EMPRESARIALES EN TERRITORIO,Inca's Restaurant San Pedro,Empresa,,San Pedro de Atacama,,,Área: Restaurant,2020-2026,,
ACTORES EMPRESARIALES EN TERRITORIO,La Picada Del Indio,Empresa,,San Pedro de Atacama,,,Área: Restaurant,2020-2026,,
ACTORES EMPRESARIALES EN TERRITORIO,Rincón De Sal,Empresa,,San Pedro de Atacama,,,Área: Restaurant,2020-2026,,
ACTORES EMPRESARIALES EN TERRITORIO,Yakana Hotel,Empresa,,San Pedro de Atacama,,,Área: Hotel,2020-2026,,
ACTORES EMPRESARIALES EN TERRITORIO,lithium aventura,Empresa,,San Pedro de Atacama,,,Área: Agencia turistica,2020-2026,,
ABOGADOS Y ASESORES LEGALES,Diego Ogass Cáceres,Abogado patrocinante comunidades atacameñas,,Santiago,—,Abogado,"Recursos protección vs consulta CORFO/Codelco/SQM jul 2025; denunció ""vulneraciones graves"" derecho consulta; asociado a Mauricio Daza",2025-2026,,"Abogado especializado en derechos indígenas y ambientales vs grandes proyectos mineros; VERIFICADO: También es abogado de ARASPA (Rol 1286-2025). Asociado Mauricio Daza Abogados, egresado U. Chile."
ABOGADOS Y ASESORES LEGALES,Iván Cheuquelaf Rodríguez,"Abogado mapuche / Ex-Subsecretario de Minería (Piñera II, ago 2020-ene 2021)",,Chile,—,Abogado / Ex-Subsecretario,"Representante legal Consejo Asociaciones Indígenas; >10 años sector público (minería, energía, derechos pueblos indígenas); candidato constituyente escaño mapuche 2021",2020-2026,,"Intersección sector público-política indígena-regulación minera; puerta giratoria Estado-representación indígena; NOTA: Identificación como ""mapuche"" no verificada. Apellido tiene raíz lingüística mapuche pero ninguna fuente lo identifica explícitamente como tal."
ABOGADOS Y ASESORES LEGALES,Alonso Barros,Abogado ambiental,,Chile,,,Comunidad Camar; Fund. Desierto Atacama,2020-2026,,Cruce ONG-Comunidades: abogado vinculado a comunidad indígena Camar |  CRUCES: Desafiliado OLCA enero 2021. Representó comunidades indígenas vs SQM. Ruptura por divergencias tácticas/éticas. | Reubicado desde 'ONGs y ambiente' (sección ¿A dónde mover?); abogado vinculado a Comunidad Camar
ABOGADOS Y ASESORES LEGALES,Jaime Madariaga,Abogado ambiental,,Chile,,,Asesor CPA,2020-2026,,Cruce ONG-Comunidades: asesor jurídico del CPA (Consejo Pueblos Atacameños) | Reubicado desde 'ONGs y ambiente' (sección ¿A dónde mover?); asesor jurídico CPA
OTROS DIRIGENTES Y ACTORES INDIVIDUALES,Claudia Cabezas Aramayo,Presidenta Asoc. Atacameña Regantes y Agricultores Río Vilama,Atacameño/Lickanantay,San Pedro de Atacama,—,Presidenta,Oradora Cumbre Litio y Nuevas Energías; Mesa Multiactor; interconexión recursos hídricos-minería litio cuenca salar,2020-2026,,Distinta de ARASPA (río San Pedro); esta es del Río Vilama
OTROS DIRIGENTES Y ACTORES INDIVIDUALES,Iván Barriga Galleguillos,Presidente Comunidad Atacameña de Conchi Viejo,Atacameño/Lickanantay,Calama,—,Presidente,Relacionamiento con minera El Abra (subsidiaria Freeport-McMoRan); mejoras infraestructura comunitaria,2020-2026,,"El Abra no es litio, pero ilustra patrones interacción comunidades-industria minera en Antofagasta"
OTROS DIRIGENTES Y ACTORES INDIVIDUALES,German González Pariñe,Comunidad Atacameña de Caspana,Atacameño/Lickanantay,Calama,—,—,Información limitada en fuentes públicas,2020-2026,,
OTROS DIRIGENTES Y ACTORES INDIVIDUALES,Marilú Cruz,Comunidad Lickanantay,Atacameño/Lickanantay,San Pedro de Atacama,—,—,Información limitada en fuentes públicas,2020-2026,,
OTROS DIRIGENTES Y ACTORES INDIVIDUALES,Nelson Malebrán,"Referencia ""Capra""",,San Pedro de Atacama,—,—,Información limitada; posible vínculo con ganadería caprina del territorio,2020-2026,,
OTROS DIRIGENTES Y ACTORES INDIVIDUALES,Sandra Yáñez,Presidenta Comunidad Atacameña de Taira,Atacameño/Lickanantay,Calama,—,Presidenta,,2020-2026,,Comunidad fuera del CPA; zona Calama
OTROS DIRIGENTES Y ACTORES INDIVIDUALES,Antonio (nombre genérico),Asesor área recursos naturales Socaire,,Socaire,—,—,Información limitada; no concluyente,2020-2026,,Sin apellido; dificulta identificación
OTROS DIRIGENTES Y ACTORES INDIVIDUALES,Román Condori,Referencia Comunidad Atacameña de Río Grande,Atacameño/Lickanantay,San Pedro de Atacama,—,—,Información limitada en fuentes públicas,2020-2026,,
SOCIEDAD CIVIL Y FUNDACIONES EN TERRITORIO,Fundación Tanti,Fundación ambiental / producción conocimiento crítico,,San Pedro de Atacama,Ramón Balcázar (Director Ejecutivo),Director Ejecutivo,"Informes: ""Minería de litio en Salar de Atacama: extractivismo y despojo""; ""Electromovilidad Europea y Minería de Litio""; análisis legal desafío Coyo; Alianza Humedales Andinos; panel SBAP dic 2025",2024-2026,,Colaboración con OPSAL; apoyo F. Heinrich Böll; referente crítica académica/activista al modelo extracción litio
COMUNIDADES Y ASAMBLEAS DEL LITIO — ARGENTINA,ASAMBLEA PUCARÁ (Pueblos Catamarqueños en Resistencia y Autodeterminación),,,,,,,,,NUEVA: Asamblea comunitaria de Catamarca. Logró fallo histórico 2024 contra nuevos permisos litio en Salar del Hombre Muerto.
COMUNIDADES Y ASAMBLEAS DEL LITIO — ARGENTINA,Verónica Gostissa,Asamblea Comunitaria,,Argentina (Catamarca),,Abogada,Co-coord. OPSAL Argentina. Caso CIDH muerte vicuñas por minería. Fallo histórico 2024.,2020-2026,PUCARÁ + OPSAL Argentina,Ya en R249; duplicado intencional por multiafiliación. | Reubicado desde 'ONGs y ambiente' (sección ¿A dónde mover?)
COMUNIDADES Y ASAMBLEAS DEL LITIO — ARGENTINA,Santiago Kozicki,Asamblea Comunitaria,,Argentina (Catamarca),,Abogado Principal,Litigio principal contra extracción litio en Catamarca.,2020-2026,,Ya en R250; duplicado intencional como entrada de PUCARÁ. | Reubicado desde 'ONGs y ambiente' (sección ¿A dónde mover?)
COMUNIDADES Y ASAMBLEAS DEL LITIO — ARGENTINA,MESA DE COMUNIDADES DE SALINAS GRANDES Y LAGUNA DE GUAYATAYOC,,,,,,,,,"NUEVA: 33 comunidades Kolla y Atacama (25 Jujuy, 8 Salta). Creadores protocolo Kachi Yupi. Caso ante CSJN y CIDH."
COMUNIDADES Y ASAMBLEAS DEL LITIO — ARGENTINA,Clemente Flores,Dirigente indígena,,Argentina (Jujuy),,Representante,Portavoz de la Mesa. Expuso ante Consejo DDHH ONU y COP30 sobre impactos del litio.,2010-2026,También miembro OPSAL Argentina,Cruce Comunidad-ONG: dirigente Mesa Salinas Grandes + OPSAL | Reubicado desde 'ONGs y ambiente' (sección ¿A dónde mover?)
COMUNIDADES Y ASAMBLEAS DEL LITIO — ARGENTINA,Verónica Chávez,Dirigenta indígena,,Argentina (Jujuy),,Representante Pueblo Kolla,"Pueblo Colla/Kolla, Jujuy. Resistencia contra exploración litio.",2010-2026,También miembro OPSAL Argentina,Cruce Comunidad-ONG: pueblo Kolla en OPSAL | Reubicado desde 'ONGs y ambiente' (sección ¿A dónde mover?)
COMUNIDADES Y ASAMBLEAS DEL LITIO — ARGENTINA,Alicia Chalabe,Abogada,,Argentina (Jujuy),,Asesora legal comunidades,Abogada que representa comunidades de Salinas Grandes. Litigio ante CSJN.,2010-2026,,Reubicado desde 'ONGs y ambiente' (sección ¿A dónde mover?)
COMUNIDADES Y ASAMBLEAS DEL LITIO — ARGENTINA,María Virginia Romero,Organización Economía Social,,Argentina,,Responsable Empresas Sociales,Ecosistemas de triple impacto,2020-2026,,"Reubicado desde 'ONGs y ambiente' (sección ¿A dónde mover?); provenía de 'Asambleas y Sociedad Civil' — REVISAR pertinencia (organización de economía social, no comunidad)"
