seccion,Nombre,Tipo/Rol,País/Región,Descripción,Período,Info Adicional,,Cruces/Multiafiliación,Notas manuales
SQM,SQM S.A.,Empresa operadora,Chile,Segundo productor mundial de litio; contrato CORFO hasta 2030; 50%-1 de NovaAndino Litio,2020-2026,,,,
SQM,Tianqi Lithium Corp.,Accionista SQM,China,22.16% participación en SQM (reduciendo en 2026); opositor al acuerdo Codelco-SQM,2018-2026,,,,
SQM,Kowa Co. Ltd.,Accionista minoritario SQM,Japón,Participación significativa,2020-2026,,,,
SQM,NovaAndino Litio SpA,Joint venture Codelco-SQM,Chile,JV Codelco(50%+1)-SQM(49.99%); fusión societaria 27/dic/2025; primera sesión directorio 29/dic/2025; operará Salar de Atacama hasta 2060,2025-2060,,,,
SQM,SQM Salar SpA,Subsidiaria SQM,Chile,Subsidiaria SQM; fusionada con Minera Tarar para crear NovaAndino Litio (dic 2025),2024-2025,,,,
SQM,Ricardo Ramos Rodríguez,Gerente General SQM; VP NovaAndino Litio,Chile,Ing. Civil Industrial PUC; en SQM desde 2006; ex CFO; negociador principal acuerdo con Codelco,2020-2026,,,CEO SQM + VP NovaAndino,
SQM,Gina Ocqueteau,Presidenta Directorio SQM (desde mayo 2025),Chile,Primera mujer en presidir SQM; transición de enfermera a alta dirección,2024-2026,,,Pdte. Directorio SQM,CRUCES: CURIOSIDAD APELLIDO: Gina Ocqueteau Tacchini (Pdte. SQM) comparte apellido con Daniel Ocqueteau (CLO y Dir. Quiborax). Apellido muy poco frecuente → posible vínculo familiar que conectaría la presidencia de SQM con la dirección legal de Quiborax (ahora JV con Codelco para Ascotán). Verificar.
SQM,Gonzalo Guerrero,Vicepresidente Directorio SQM,Chile,Designado por Kowa (Japón),2024-2026,,,,"Investigado, descubrí una noticia que vincula a la minera con la comunidad ""La SOFOFA""   -> Tianqi ha tenido problemas con SQM (Tianqi posee 22% de SQM a fecha del 2024)"
SQM,Hernán Büchi,Director SQM,Chile,Ex Ministro de Hacienda dictadura; figura central en cascadas de control SQM,2020-2026,,,,"Actualmente es miembro del directorio de Quiñenco S.A.,
entre otros. También es presidente del Consejo de Administración de la
Universidad del Desarrollo.

CRUCES: RED LUKSIC: Büchi (Dir. Quiñenco = holding Luksic) comparte ecosistema con ex ejecutivos Antofagasta Minerals (brazo minero Luksic): Soledad Jeria (ahora Country Head Rio Tinto Chile) y Marcelo Awad (ahora Dir. Ejecutivo Wealth Minerals). El mundo Luksic alimenta liderazgo en litio desde distintos frentes."
SQM,Patricio Contesse Fica,Director SQM,Chile,Designado por Grupo Pampa,2020-2026,,,,Sigue importante la figura del Grupo Pampa
SQM,Julio Ponce Lerou,Controlador histórico SQM,Chile,Controlador histórico SQM vía cascadas societarias; cedió protagonismo a hija Francisca en jun 2025,2020-2026,,,,Caso Cascadas (será relevante para el Litio?)
SQM,Francisca Ponce Pinochet,Heredera control SQM (desde jun 2025),Chile,"Hija de Julio Ponce Lerou, nieta Augusto Pinochet; hereda cascadas societarias que controlan SQM",2025-2026,,,,"CRUCES: CONTINUIDAD DINÁSTICA: Nieta de Pinochet + hija de Julio Ponce Lerou = hereda cascadas societarias que controlan SQM desde privatización dictatorial. Büchi (Dir. SQM, ex Min. Hacienda dictadura) es parte de la misma estructura de poder. La sucesión jun 2025 perpetúa control familiar sobre el litio chileno."
SQM,Ashley Ozols,Director SQM por Tianqi,Australia,Representante en directorio,2020-2026,,,,Director Independiente bajo los requerimientos de la New York Stock Exchange. CFA charterholder.  se desempeñó en Tianqi Lithium como ejecutivo enfocado en el desarrollo corporativo.
SQM,Xu Tieying,Director SQM por Tianqi,China,Representante en directorio,2020-2026,,,,Típico chino capo para todo (doctor en derecho) | CRUCES: Representante Tianqi en directorio SQM. Influencia china sobre segundo productor mundial litio.
SQM,Antonio Gil Nievas,Director SQM (integrante del Comité de directores,Chile,"Dir. Independiente NYSE; ex CEO Moneda AM, VP ACAFI, MD/CFO JPMorgan; Dir. Latam Airlines",2024-2026,,,,"En la actualidad, es director de Latam Airlines Group. Anteriormente fue CEO de Moneda Asset Management, Vice Presidente de ACAFI, Managing Director, CFO mundial y miembro de los comités ejecutivos globales de varios negocios globales en JPMorgan y fue consultor estratégico de BCG en España.

 CRUCES: VÍNCULO LATAM AIRLINES: Gil Nievas (Dir. Latam Airlines actual) coincide con de Bourguignon (ex Pdte. Comité Directores Latam 2012-2019). Ambos son directores SQM → canal de coordinación SQM que pasa por la aerolínea más grande de LatAm."
SQM,Georges de Bourguignon,Director SQM por Tianqi,Chile,Cofundador y Pdte. ASSET Chile; Dir. SQM junto a Büchi y Golborne; Dir. Latam Airlines,2020-2026,,,,"Se desempeña también como director en diversas sociedades, incluyendo Vivo Spa, donde es Presidente desde agosto del 2022, en Tánica S.A., desde mayo de 2017 y en Embotelladora Andina, desde el año 2016. Fue director de Soquimich S.A. (2019 - abril 2022), Empresas La Polar S.A. (2011-2015), Sal Lobos S.A (2006-2018) y presidente del Comité de Directores de Latam Airlines Group (2012-2019).

 CRUCES: VÍNCULO LATAM AIRLINES: De Bourguignon (ex Pdte. Comité Dir. Latam Airlines 2012-2019) coincide con Gil Nievas (Dir. Latam actual). Ambos Dir. SQM + ambos con historial Latam → nodo financiero-aéreo dentro del directorio SQM. |  CRUCES: ASSET Chile cofundador. Conexión sector financiero con SQM vía directorio."
SQM,Mark Fones,Gerente General División Litio Internacional SQM (desde jun 2025),Chile,Gerente SQM /Albemarle,2020-2026,,,,
SQM,Carlos Díaz Ortiz (Mr. Litio),"CEO NovaAndino Litio; Gerente General SQM Litio (""Mr. Litio"")",Chile,Ing. Civil Industrial PUC con MBA; en SQM desde 2012; lidera ~80% ingresos SQM,2020-2026,,,CEO NovaAndino + ex SQM Litio (~30 años),Según diario el financiero: Proyecot Mt. Holland con Wesfarmers. Involucrado en Salar Futuro (iniciativa que busca aumentar la producción de litio en el Salar de Atacama con un método de extracción más sostenible)
SQM,Pablo Altimiras,Gerente General División Litio SQM (desde jun 2025),Chile,Ing. Civil Industrial y MBA; ex VP Senior Negocios Litio y Yodo,2021-2026,,,,Revisar si este sujeto posee relación con el Litio
SQM,Gerardo Illanes,CFO y VP Finanzas Corporativas SQM (desde oct 2018),Chile,"Emory University; lidera plan inversión US$2,440M (73% litio)",2018-2026,,,,Revisar si este sujeto posee relación con el Litio
SQM,Hernán Uribe Gabler,Director NovaAndino (SQM); Presidente Ripley Corp,Chile,"Ing. Civil Industrial PUC, MBA UCLA; Dir. SQM International, Banco Ripley",2025-2026,,,Dir. NovaAndino + Pdte. Ripley (con Golborne),"¿Será el mismo sujeto que es presidente de ripley? Pareciera que no *En realidad sí, pero entonces hay otro Hernán Uribe?*. Investigando a este sujeto encontré un archivo de contrato: El principal hallazgo es que la operación crea una red de vínculos estructurales entre los cinco mayores productores de litio del mundo — SQM, Codelco, Albemarle, Tianqi y Rio Tinto/Arcadium — que en conjunto controlarían entre el 30–40% del mercado global. Esto podría facilitar coordinación de precios o condiciones comerciales entre competidores.

 CRUCES: TRIÁNGULO RETAIL EN NOVAANDINO: Uribe (Pdte. Ripley) + Ovalle (Dir. Mallplaza, ex Adidas/Under Armour) + Montenegro (Dir. Cencosud) → 3 de 6 directores NovaAndino tienen vínculos con retail. Además Golborne (ex Dir. SQM) también es Dir. Ripley, mismo espacio que Uribe."
SQM,Manuel Ovalle Edwards,Director NovaAndino (SQM); Director Mallplaza,Chile,Ex líder regional Adidas y Under Armour para LatAm; experiencia en marcas globales,2025-2026,,,Dir. NovaAndino + Dir. Mallplaza (cruce con Moreno/Falabella),"Investigando a este sujeto aparecieron: Nuevamente grupo Pampa, Tianqi y Kowa

 CRUCES: TRIÁNGULO RETAIL EN NOVAANDINO: Ovalle (Dir. Mallplaza) + Uribe (Pdte. Ripley) + Montenegro (Dir. Cencosud) → 3/6 directores NovaAndino provienen del retail. Patrón de reclutamiento desde sector comercial hacia litio estratégico."
SQM,Eduardo Bitrán Colodro,Director Codelco,,"Firmó los contratos de litio con SQM y Albemarle desde CORFO, ahora dirige Codelco que se asoció con esa misma SQM. Triple cruce paradigmático.",,[Cruce: Estado-Empresa-Academia],,"The Clinic, Espacio Público","Eduardo Bitran Colodro es director de Codelco desde
2023, presidente de Hub de Transferencia
Tecnológica APTA desde 2022 y presidente del Club
de Innovación desde 2018. Anteriormente fue
miembro de los directorios de Ripley Corp,
Inmobiliaria RDI, SalcoBrand, Transelec y Enami, entre
otros."
SQM,Laurence Golborne,Ex Director SQM (2018-2022; reemplazado por Antonio Gil abr 2022),,"Reguló la minería del litio como ministro, luego pasó a ser director de SQM. Conecta con Uribe Gabler (NovaAndino) vía Ripley.",,[Cruce: Estado-Empresa],,"La Tercera, Wikipedia","FUE director de SQM entre 2018 y 2022. Actualmente parte del directorio de Ripley, salcobran y

 CRUCES: PUERTA GIRATORIA POLÍTICA→PRIVADO: Min. Minería (intentó liberalizar litio 2010) → Dir. SQM (2018-2022) → Dir. Ripley (coincide con Uribe, Dir. NovaAndino). El arco Golborne es clave: el mismo que quiso privatizar litio terminó en directorio de empresa que hoy lo explota. Ahora comparte Ripley con Uribe (Dir. NovaAndino por SQM)."
SQM,Hernán Cáceres Venegas,Director centro Lithium I+D+i (financiado por SQM),,"Triple cruce: dirige instituto estatal, es decano universitario, y su centro recibe financiamiento de SQM.",,[Cruce: Estado-Academia-Empresa],,"Madero, UCN",
SQM,Gustavo Lagos Cruz-Coke,ex Ingeniero SQM (2005-10),,Propuso desde la PUC la estrategia que el gobierno adoptó. Ex empleado de SQM que recomendó la asociación con SQM.,,[Cruce: Academia-Empresa-Estado],,"El Ciudadano, Senado",
SQM,Daniela Desormeaux,ex Strategic Marketing Manager SQM,,"Transita entre consultora privada (con clientes mineros), think tank (CESCO), academia y comités asesores del Estado.",,[Cruce: Academia-Empresa-Estado],,"DF, ZoomInfo, Min. Economía",
ALBEMARLE,Albemarle Corporation,Empresa operadora,EE.UU.,Mayor productor mundial de litio; contrato CORFO Salar de Atacama hasta 2043,2020-2026,,,,
ALBEMARLE,Kent Masters,CEO global Albemarle,EE.UU.,Dirección estratégica corporativa,2020-2026,,,,
ALBEMARLE,Ignacio Mehech,Ex Country Manager Albemarle Chile (2017-2024),Chile,"Abogado, LLM U. Melbourne; ahora CEO CleanTech Lithium (puerta giratoria)",2020-2024,,,,"CRUCES: PUERTA GIRATORIA: Mehech (Country Manager Albemarle Chile 7 años, 1.100 empleados) → CEO CleanTech Lithium (abr 2025). Conoce intimamente operaciones, contactos y estrategias del mayor productor privado y pasa a junior competidora. Caso emblemático de revolving door en litio chileno."
ALBEMARLE,Roland Haemmerli,Country Head Chile Albemarle,Chile,VP Operaciones Chile,2024-2025,,,,
ALBEMARLE,Sebastián Carmona,VP Regional Latam Albemarle,Chile,Desde octubre 2025,2025-2026,,,,CRUCES: Puerta giratoria Codelco→Albemarle. Transferencia conocimiento institucional Salar de Atacama.
ALBEMARLE,Carla Araya,Gerente Legal Albemarle,Chile,Reconocida en GC Powerlist 2023,2020-2026,,,,
ALBEMARLE,Albemarle,Empresa,Chile,Empresa,2020-2026,,,,
ALBEMARLE,Carlos Calderón,Economista/Analista,Chile,Carlos Calderón: Gerente Control y Finanzas,2020-2026,,,,
ALBEMARLE,Eduardo Bitrán Colodro,Director Codelco,,"Firmó los contratos de litio con SQM y Albemarle desde CORFO, ahora dirige Codelco que se asoció con esa misma SQM. Triple cruce paradigmático.",,[Cruce: Estado-Empresa-Academia],,"The Clinic, Espacio Público",
ALBEMARLE,Ignacio Mehech Castellón,ex Country Manager Albemarle Chile,,De dirigir Albemarle (incumbente) a liderar CleanTech (junior que busca permisos bajo la misma estrategia que conoce desde adentro).,,[Cruce: Empresa-Empresa-ONG],,La Tercera,
ALBEMARLE,Ignacio Toro,Gerente de medioambiente de Albermarle,,Gerente Sostenibilidad Albemarle.  CRUCES: Posición clave en gestión ambiental Albemarle; interface con comunidades y reguladores,,,,,
TIANQI,Weiping Jiang,Presidente Tianqi,China,Fundador y presidente Tianqi; 22.16% participación en SQM,2020-2026,,,,
TIANQI,Frank Ha,CEO Tianqi,China,Dirección ejecutiva,2024-2026,,,,
TIANQI,Inversiones TLC SpA,Vehículo Tianqi en Chile,China/Chile,Recurso ante CMF por acuerdo Codelco-SQM,2024,,,,
TIANQI,Wanyu Xiong,Vicepresidenta Senior Tianqi,China,Presentó ante Comisión de Minería dic 2024,2024,,,,
TIANQI,Wenyu Zhang,VP y Secretario Directorio Tianqi,China,Cuestionó valoración del acuerdo Codelco-SQM,2024-2025,,,,
TIANQI,Jiang Anqi,CEO Tianqi Lithium Corp.,China,Sucedió a fundador Jiang Weiping en 2024; litigio contra acuerdo Codelco-SQM,2024-2026,,,,
NOVAANDINO,Carlos Díaz,Gerente General NovaAndino,Chile,Ex CEO División Litio SQM,2024-2026,,,,
NOVAANDINO,Eduardo Foix,CFO NovaAndino Litio (designado por Codelco),Chile,Ing. Civil Industrial PUC; +30 años en Codelco; contrapeso financiero estatal,2025-2026,,,,
NOVAANDINO,Carlos Díaz Ortiz,CEO NovaAndino Litio SpA,Chile,"'Mr. Litio'; ex gerente SQM Litio, casi 30 años en SQM",2025-2026,,,,
NOVAANDINO,José Miguel Berguño,VP Senior Servicios Corporativos y Sostenibilidad SQM,Chile,Ing. Civil Industrial y MBA PUC; en SQM desde 1998; representante ante Congreso,2025-2026,,,VP NovaAndino + ex Dir. SENCE,
NOVAANDINO,Patricio Saavedra,"Jefe Estudios, Planificación Estratégica y Transf. Digital, SQM Litio",Chile,Ing. Civil Industrial; en SQM desde may 2020; participó en lobby ante CChEN,2025-2026,,,,
NOVAANDINO,Germán Pérez,Gerente Supply Chain SQM Litio,Chile,Responsable de logística internacional litio: Atacama → plantas Chile/China → clientes,2025-2026,,,,
NOVAANDINO,Gerson Salas,"Gerente Mantenimiento, Automatización y Energía SQM Litio",Chile,Experto Transf. Digital IT/OT; vocero innovaciones verdes SQM (entrevista BNamericas jul 2024),2025-2026,,,,
NOVAANDINO,Peter Qian,"Gerente planta Dixin, NovaAndino",China,"Gerente planta Dixin (Sichuan, China); ex Deputy GM Tianqi (conexión SQM-Tianqi)",2025-2026,,,,"CRUCES: PUENTE SQM↔TIANQI: Qian fue Deputy GM y EHS Director en Tianqi Lithium antes de pasar a gerenciar la planta Dixin (SQM) en Sichuan, China. Es un vínculo operativo directo entre SQM y su segundo mayor accionista (Tianqi 22%). Planta Dixin procesa litio chileno para mercado asiático."
NOVAANDINO,Mauricio Abarca,Senior Finance Director SQM Litio (basado en Shanghai),Chile,NYU Stern; lidera logística nacional y proyectos Lean desde campamento Salar de Atacama,2025-2026,,,,
NOVAANDINO,Pablo Hernández,VP Estrategia y Desarrollo - Litio SQM (desde jun 2024),Chile,"Ing. PUC, MBA Emory; ex Bain & Company; vocero ante comunidad de inversores",2025-2026,,,,
NOVAANDINO,Máximo Pacheco Matte,Presidente NovaAndino Litio; Presidente Directorio Codelco,,"Abogado U. Chile; ex Ministro gob. Frei; ""el Estado es socio principal y mayoritario""; deja Codelco may 2026",,[Cruce: Estado-Empresa-Academia],,"Codelco, Emol, AS/COA",CRUCES: NODO CONVERGENCIA: Pacheco articula Codelco (cobre estatal) + NovaAndino (litio) + relación con Bitrán (negoció contratos CORFO). Deja Codelco mayo 2026 pero sigue en NovaAndino → continuidad personal del proyecto litio estatal más allá de ciclos políticos. Su liderazgo atraviesa gobiernos Frei→Boric.
NOVAANDINO,Alfredo Moreno Charme,Director NovaAndino (Codelco); Director Codelco,,Ex Min. RREE (2010-14) y Desarrollo Social (2018-19) gob. Piñera; señal transversalidad política,,[Cruce: Estado-Empresa],,"El Mostrador, Brennan & Partners",CRUCES: CRUCE POLÍTICO: Moreno fue Min. RREE y Min. Desarrollo Social bajo mismo gobierno Piñera donde Golborne (Min. Minería) intentó liberalizar litio. Hoy Moreno está en NovaAndino (empresa que materializa control estatal del litio) → ironía: el modelo que su gobierno intentó evitar. Transversalidad política inusual.
NOVAANDINO,Josefina Montenegro Araneda,Directora NovaAndino (Codelco); VP Directorio Codelco,,"Abogada PUC; ex Pdte. Asoc. Isapres (2019-20); Dir. Sky Airline, Cencosud, CCS",,[Cruce: Estado-Empresa],,"Codelco, CCS, IWF Chile","CRUCES: TRIÁNGULO RETAIL EN NOVAANDINO: Montenegro (Dir. Cencosud, Sky Airline, CCS) + Uribe (Pdte. Ripley) + Ovalle (Dir. Mallplaza) → 3/6 directores de NovaAndino con vínculos retail/consumo. Su perfil Isapres+portuario+Cencosud la sitúa en la intersección regulación-comercio-Estado."
NOVAANDINO,Ricardo Ramos Rodríguez,VP NovaAndino Litio,,Doble rol: lidera SQM como accionista y gestiona NovaAndino como joint venture. +30 años en SQM.,,[Cruce: Empresa-Empresa],,"SQM, Codelco",
NOVAANDINO,Hernán Uribe Gabler,Director NovaAndino (por SQM),,"Comparte directorio Ripley con Laurence Golborne (director SQM), creando puente informal entre NovaAndino y SQM.",,[Cruce: Empresa-Empresa],,"Ripley, The Clinic",
NOVAANDINO,Manuel Ovalle Edwards,Director NovaAndino (por SQM),,"En Mallplaza (Falabella) cruza con Alfredo Moreno (Codelco/NovaAndino), conectando un director por Codelco y uno por SQM vía mismo grupo empresarial.",,[Cruce: Empresa-Empresa],,"The Clinic, La Tercera",
NOVAANDINO,Laurence Golborne,Ex Director SQM (2018-2022; reemplazado por Antonio Gil abr 2022),,"Reguló la minería del litio como ministro, luego pasó a ser director de SQM. Conecta con Uribe Gabler (NovaAndino) vía Ripley.",,[Cruce: Estado-Empresa],,"La Tercera, Wikipedia",
RIO TINTO,Rio Tinto,Multinacional minera,UK/Australia,Multinacional angloaustraliana; adquirió Arcadium Lithium (US$6.7B); socio Codelco Maricunga y ENAMI Altoandinos,2025-2026,,,,
RIO TINTO,Jakob Stausholm,Ex CEO global Rio Tinto (2021-ago 2025),Dinamarca,"Lideró adquisición Arcadium y acuerdos Chile; renunció ago 2025 (anuncio sucesión mayo 2025); razón oficial: ""momento natural para transición""ivas"" con directorio",2020-2026,,,,
RIO TINTO,Soledad Jeria,Country Head Chile Rio Tinto,Chile,"Ex Antofagasta Minerals y Teck (nunca trabajó en Codelco); ""la mujer del momento en minería""; negoció Maricunga y Altoandinos",2024-2026,,,,"CRUCES: RED LUKSIC: Jeria (ex Antofagasta Minerals del grupo Luksic) comparte origen con Marcelo Awad (ex Pdte. Ejecutivo Antofagasta Minerals, ahora Dir. Wealth Minerals Chile). Ambos ex Luksic ahora liderando empresas de litio competidoras. Büchi (Dir. SQM) es Dir. Quiñenco (holding Luksic) → triángulo Luksic-SQM-Rio Tinto-Wealth. |  CRUCES: Puerta giratoria Codelco→Rio Tinto, proyecto Salares Altoandinos."
RIO TINTO,Salar de Maricunga SpA,JV Codelco-Rio Tinto,Chile,SPV Codelco 50.01%-Rio Tinto 49.99%; inversión hasta US$900M; CEOL obtenido feb 2026,2025-2026,,,,
RIO TINTO,Sinead Kaufmann,"Minerals Chief Executive, Rio Tinto",Reino Unido/Australia,"Minerals Chief Executive, Rio Tinto; supervisión divisiones minerales",2024-2026,,,,
RIO TINTO,Jerome Pecresse,"Chief Executive Aluminium & Lithium, Rio Tinto",Francia,Ex CEO GE Renewable Energy; nombrado jefe litio ago 2025 tras adquisición Arcadium,2024-2026,,,,
RIO TINTO,Jason Campbell,"Chile Exploration Manager, Rio Tinto",Chile,+26 años experiencia; enlace con gobierno chileno vía Ley de Lobby; reuniones con Min. Defensa,2024-2026,,,,
RIO TINTO,Simon Trott,CEO Rio Tinto (desde ago 2025),Reino Unido/Australia,"Sucesor de Stausholm; mandato de ""disciplina financiera"" en estrategia litio",2025-2026,,,,
RIO TINTO,Elias Scafidas,"Director General Battery Materials, Rio Tinto",Reino Unido/Australia,Ex CFO divisiones Cobre y Diamantes; casi 30 años en RT; ex PwC; firmó acuerdo ENAMI jul 2025,2025-2026,,,,"CRUCES: Puerta giratoria Codelco→Rio Tinto Lithium, proyecto Maricunga."
RIO TINTO,Giannina Veniú,"Senior Corporate Counsel South America, Rio Tinto",Chile,Responsable marco legal acuerdos Codelco-Maricunga y ENAMI-Altoandinos; presente en firmas,2025-2026,,,,
RIO TINTO,Cristian Jauré,"Chile Sustainability Manager, Rio Tinto",Chile,"Ing. Geomensor, MBA PUC; +26 años minería; reuniones con alcaldes Atacama; gestión comunidades Colla",2025-2026,,,,
RIO TINTO,George Steele,"Chief Geoscientist, Rio Tinto",Reino Unido/Australia,Presente en firma acuerdo ENAMI Altoandinos jul 2025,2025-2026,,,,
RIO TINTO,Rodrigo Moscoso,GM Nuevo Cobre (Rio Tinto-Codelco),Chile,Gerente General proyecto cobre Nuevo Cobre (JV Rio Tinto-Codelco),2025-2026,,,,
RIO TINTO,Juan Pablo González,"Communities Advisor, Rio Tinto Chile",Chile,Asesor relaciones comunitarias Rio Tinto Chile,2025-2026,,,,"CRUCES: Subgerente Asuntos Públicos SQM Litio. Cruce empresa-comunidades: gestiona ""valor compartido"" con comunidades afectadas."
RIO TINTO,Arcadium Lithium,Empresa adquirida por Rio Tinto (US$6.7B),EEUU/Australia,Fusión Allkem+Livent (ene 2024); adquirida oct 2024 por US$5.85/acción (90% prima); tecnología DLE propietaria,2024-2025,,,,CRUCES: VECTOR DE ENTRADA TECNOLÓGICO: Arcadium trajo a Rio Tinto tecnologías DLE propietarias que planea implementar en Chile (Maricunga). La adquisición (US$6.7B) no solo fue por reservas sino por capacidad tecnológica. Conecta indirectamente proyectos argentinos de Arcadium (Allkem+Livent) con nueva operación chilena de Rio Tinto.
RIO TINTO,RIO TINTO LITHIUM,Corporacion,Australia/Reino Unido,Adquirio Arcadium US$6700M marzo 2025,2025,"JV Codelco 49.99%, JV ENAMI 51%",,,
CODELCO,Minera Tarar SpA,Filial Codelco (fusionada en NovaAndino dic 2025),Chile,Vehículo estatal del litio; autorización CChEN jul 2025; fusionada con SQM Salar para crear NovaAndino,2024-2025,,,,
CODELCO,María José Ruiz-Esquide Enríquez,Ejecutiva,Chile,Directora Cambio Climático y Descarbonización Codelco (hasta 6/2024),2020-2024,,,,Cruce Empresa-Experto: ejecutiva Codelco en área ambiental | Reubicado desde 'ONGs y ambiente' (sección ¿A dónde mover?); cruce Empresa-Experto
SIMCO,SIMCO Lithium SpA,Empresa exploración,Chile/Taiwán,JV Simbalik Group (Taiwán/Singapur) - Cominor (Grupo Errázuriz); 11.268ha Maricunga; primer permiso CChEN post SQM/Albemarle,2018-2026,,,,
SIMCO,Sebastian Yang,Director SIMCO Lithium; representante Simbalik Group,Singapur/Taiwán,Educado UNC Chapel Hill; vocero en Bloomberg/América Economía; coordina planta piloto Tierra Amarilla,2024-2026,,,,"CRUCES: PUENTE ASIA↔CHILE: Yang (educado UNC Chapel Hill) conecta capital taiwanés/singapurense (Simbalik) con operaciones locales. Coordina acuerdo Panasonic-Chori (Japón) → SIMCO como nodo que conecta capital de 3 países asiáticos con litio chileno. |  CRUCES: Vinculado SIMCO Lithium, red de conexiones Grupo Errázuriz."
SIMCO,José Joaquín Matte,Director Comercial SIMCO; Director Nuevos Negocios Grupo Errázuriz,Chile,"Ing. Civil Industrial, MBA UVA Darden; vocero en seminarios CESCO; promotor DLE",2024-2026,,,,CRUCES: DOBLE ROL ERRÁZURIZ: Matte es simultáneamente Dir. Nuevos Negocios del Grupo Errázuriz (holding) y Dir. Comercial SIMCO Lithium (JV con Simbalik). Presenta en CESCO tanto proyecto Ollagüe como DLE → cara pública del grupo en foros especializados.
SIMCO,Pedro Pablo Errázuriz,Ex Director Codelco (Piñera II),,Dirigió Codelco y subsidiaria de litio. Sin relación directa confirmada con Grupo Errázuriz/SIMCO.,,[Cruce: Estado-Empresa],,"Nueva Minería, Wikipedia",CRUCES: CONFLICTO DE INTERÉS ESTRUCTURAL: Dir. Codelco + Dir. Salares de Chile (plataforma litio Codelco) + vínculo familiar Grupo Errázuriz (SIMCO compite con Codelco en Maricunga). Destinatario de carta de Francisco Javier Errázuriz contra acuerdo Codelco-SQM. Posición dual Estado↔privado en mismo recurso.
SIMCO,José Joaquín Matte (SIMCO),Director Comercial SIMCO Lithium,,Opera dentro del conglomerado Errázuriz en litio. No se confirmó vínculo con familia Matte de Copec/CMPC.,,[Cruce: Empresa-Empresa],,Archivo Principal,
SIMCO,Simbalik Group,Fondo inversión taiwanés (Singapur),Taiwán/Singapur,Socio fundador SIMCO desde 2009 vía Simbalik Chile; fondo de inversión asiático,2009-2026,,,,
SIMCO,Acuerdo Panasonic-Chori-SIMCO,Alianza comercial,Japón/Chile,"Firmado jun 2023: producción ""litio amigable con el medio ambiente"" para cadena valor japonesa",2023-2026,,,,
LITHIUM CHILE,Lithium Chile Inc.,Empresa exploración,Canadá,"Junior canadiense TSX-V:LITH; ~106.136ha (feb 2026) en Chile/Argentina; ""mayor propietario propiedades litio en Chile""",2020-2026,,,,
LITHIUM CHILE,Kairos Inversiones SPA,Filial Lithium Chile,Chile,Titular CEOL Coipasa,2025,,,,
LITHIUM CHILE,Inversiones Kairós SpA,Subsidiaria Lithium Chile,Chile/Canadá,Parte del Consorcio Caliche Kairós para Coipasa,2025-2026,,,,
LITHIUM CHILE,Steven Cochrane,CEO Lithium Chile Inc (desde ago 2017),Canadá,+36 años en inversiones; recaudó +US$500M para small caps; aseguró CEOL Coipasa; incorporó directores chinos de Chengxin Lithium,2025-2026,,,,"CRUCES: RED ASIÁTICA EMERGENTE: Cochrane incorporó 2 directores de Chengxin Lithium Group (China) en ene 2026, mientras tiene CEOL Coipasa con Grupo Errázuriz (que a su vez tiene JV SIMCO con Simbalik/Taiwán + acuerdo Panasonic/Japón). El capital asiático converge sobre juniors canadienses desde múltiples orígenes."
LITHIUM CHILE,CEOL Salar de Coipasa (Kairos-Cosayach),Joint venture 50-50,Chile,"Postulación ene 2025; adjudicación abr 2025; 89.83% polígono salar; Región de Tarapacá, 3.700 msnm",2025-2026,,,,
LITHIUM POWER,Lithium Power International,Empresa exploración,Australia,Junior australiana ASX:LPI; adquirida 100% por Codelco mar 2024 por US$244M; Proyecto Blanco en Maricunga,2018-2024,,,,
LITHIUM POWER,Minera Salar Blanco,Subsidiaria Lithium Power International,Chile,Filial LPI en Chile desde 2016; DFS 20.000t/año carbonato litio + 58.000t cloruro potasio por 20 años,2024,,,,
QUIBORAX,Quiborax,Empresa minera (boro/litio),Chile,3er productor mundial ácido bórico; familia Fosk; JV con Codelco para CEOL Salar Ascotán (postulación ene 2025),2024-2026,,,,
QUIBORAX,Allan Fosk,CEO Quiborax,Chile,"""El empresario más rico de Arica""; co-demandante en arbitraje contra Bolivia; disputas con municipalidad",2024-2026,,,,"CRUCES: CAPACIDAD ARBITRAJE: Fosk ganó arbitraje internacional contra Bolivia (con Quiborax). SIMCO también amenaza con arbitraje contra Chile. Esta capacidad litigante internacional es un factor de poder compartido por varios actores del litio (Quiborax, SIMCO, potencialmente Tianqi) frente a cambios regulatorios del Estado."
QUIBORAX,Daniel Ocqueteau,CLO y Director Directorio Quiborax,Chile,Abogado U. Chile; +14 años en empresa; lidera diversificación litio desde descartes industriales; JV Codelco-Ascotán,2024-2026,,,,"CRUCES: CURIOSIDAD APELLIDO: Daniel Ocqueteau (CLO Quiborax) comparte apellido con Gina Ocqueteau Tacchini (Pdte. Directorio SQM desde mayo 2025). Apellido poco común en Chile → ¿vínculo familiar? Si es así, conectaría Quiborax con SQM por vía personal. Requiere verificación."
QUIBORAX,Leonardo Fosk,Presidente Directorio Quiborax,Chile,Padre de Allan Fosk; preside directorio; estructura familiar típica negocios regionales,2020-2026,,,,
QUIBORAX,JV Codelco-Quiborax (Salar Ascotán),Joint venture estatal-privada,Chile,Postulación CEOL ene 2025; consorcio para desarrollo litio Salar de Ascotán,2025-2026,,,,
BYD,BYD Chile SpA,Empresa (desistió),China,Desistió de planta cátodos Antofagasta (ene 2025) por caída precios litio y demoras CORFO,2023-2025,,,,
BYD,Tamara Berríos,Country Manager BYD Chile,Chile,"Ing. Transporte PUCV, Mg. Desarrollo Urbano; vocera principal BYD Chile; citó ""demoras y falta de coordinación"" CORFO",2024-2025,,,,CRUCES: CRUCE FRUSTRADO BYD↔CORFO: Berríos gestionó tanto la promoción de EVs como el proyecto de cátodos. El desistimiento BYD (ene 2025) coincide temporalmente con abandono de Tsingshan/Yongqing → patrón de retirada de capital chino de manufactura en Chile. Contrasta con CNGR y LG que mantienen interés.
BYD,Tamara Berríez,Ejecutiva,Chile,BYD Chile SpA. Figura visible proyecto planta baterías (desistido).,,,,,CRUCES: Conflicto BYD-CORFO. Tensiones desarrollo industrial-expectativas beneficios locales.
ERAMET,Eramet Chile,Empresa exploración,Francia,Minera francesa; inauguró primera planta DLE 100% en Argentina jul 2024; no seleccionada por ENAMI para Altoandinos,2023-2026,,,,
ERAMET,Christel Bories,Presidenta Eramet (ex CEO 2017-2025),Francia,"Criticó Chile: ""en Atacama no hay ningún proyecto nuevo""; retomó dirección interina feb 2026 tras despido sucesor",2024-2026,,,,CRUCES: TENSIÓN CHILE↔ARGENTINA: Bories criticó públicamente marco regulatorio chileno mientras inauguraba planta DLE en Argentina (jul 2024). Eramet no fue seleccionada por ENAMI para Altoandinos (ganó Rio Tinto) → resentimiento institucional. Constituyó servidumbres mineras en Altoandinos como alternativa legal.
GRUPO ERRÁZURIZ,Grupo Errázuriz,Conglomerado / socio CEOL,Chile,"Conglomerado familiar; +15 empresas; SIMCO(Maricunga), Cosayach(Coipasa), RJR Salar; opositor acuerdo Codelco-SQM",2024-2026,,,,
GRUPO ERRÁZURIZ,Cosayach Caliche,Filial operadora Grupo Errázuriz,Chile,2da productora yodo Chile post SQM; CEOL Coipasa con Lithium Chile (abr 2025); solicitó subsidios cuestionados,2024-2026,,,,
GRUPO ERRÁZURIZ,RJR Salar,Filial Grupo Errázuriz,Chile,Brazo explorador; +60.000ha concesiones mineras; Dir. ejecutivo Raúl del Barrio,2024-2026,,,,
GRUPO ERRÁZURIZ,Francisco Javier Errázuriz Ovalle,Presidente Cosayach / Grupo Errázuriz,Chile,Ing. comercial (n.1973); opositor público acuerdo Codelco-SQM; envió cartas a Pacheco; su padre falleció mar 2024,2025-2026,,,,"CRUCES: RED MULTI-SALAR: Opera simultáneamente en Maricunga (SIMCO, compitiendo con Codelco-Rio Tinto), Coipasa (con Lithium Chile, CEOL adjudicado), y tiene familiar (Pedro Pablo) en Dir. Codelco. OCMAL lo documenta como actor ""tras bambalinas"". Su padre fundador falleció mar 2024 → transición generacional."
GRUPO ERRÁZURIZ,Sebastián Edwards,Director Grupo Errázuriz (economista),Chile/EEUU,Economista UCLA; incorporado al directorio como señal de profesionalización,2024-2026,,,,"CRUCES: CRUCE ACADEMIA↔EMPRESA: Edwards (economista UCLA, perfil internacional) incorporado a Dir. Grupo Errázuriz como señal de profesionalización. Su prestigio académico contrasta con el perfil confrontacional del grupo vs Estado. Posible legitimador de la estrategia de expansión litífera."
GRUPO ERRÁZURIZ,Pedro Pablo Errázuriz,Director Codelco; vinculado Grupo Errázuriz,Chile,Conflicto de interés: Dir. Codelco + Dir. Salares de Chile + vínculo familiar Grupo Errázuriz,2020-2026,,,,
WEALTH MINERALS,Wealth Minerals,Empresa exploración,Canadá,Junior canadiense TSX-V:WML; Proyecto Kuska (Salar Ollagüe); aprobación CEOL ene 2026,2024-2026,,,,
WEALTH MINERALS,Henk van Alphen,CEO Wealth Minerals,Canadá,Fundador holandés; +30 años minería; fundó Pacific Rim Mining 1991; alianza FLSmidth; NMDC India como socio potencial,2025-2026,,,,CRUCES: MODELO INDÍGENA ÚNICO: Van Alphen creó JV con Comunidad Quechua de Ollagüe (5% propiedad) → único caso de participación accionaria indígena en empresa de litio en Chile. Contrasta con modelo Codelco/ENAMI (aportes compensatorios) y SQM/Albemarle (sin participación). NMDC India como posible socio añade dimensión geopolítica.
WEALTH MINERALS,Kuska Minerals SpA,JV Wealth Minerals-Comunidad Ollagüe,Chile,95% Wealth Minerals - 5% Comunidad Quechua de Ollagüe; 10.200ha Salar Ollagüe; PEA NI 43-101 feb 2024,2025-2026,,,,
WEALTH MINERALS,Marcelo Awad,Director Ejecutivo Wealth Minerals Chile,Chile,Ex Pdte. Ejecutivo Antofagasta Minerals (grupo Luksic); puesto 85 mejores CEO del mundo HBR,2024-2026,,,,"CRUCES: RED LUKSIC: Awad (ex Pdte. Antofagasta Minerals, grupo Luksic, #85 mejores CEO HBR) comparte origen con Soledad Jeria (ex Antofagasta Minerals, ahora Country Head Rio Tinto Chile). Diaspora ejecutiva Luksic hacia el litio. Büchi (Dir. SQM + Dir. Quiñenco/Luksic) es otro vínculo."
CLEANTECH,Steve Kesler,Executive Chairman CleanTech Lithium,Chile/Internacional,45 años experiencia; CEO European Lithium; ex CEO Collahuasi; asumió interinamente tras suspensión Boitano,2024-2026,,,,"CRUCES: TRAYECTORIA MULTI-LITIO: Kesler fue primer CEO de Collahuasi (JV BHP-Anglo American-Glencore) → CEO European Lithium → Chairman CleanTech Lithium. Conecta gran minería del cobre con juniors del litio. Su experiencia directa en Chile (Escondida, Collahuasi) le da red de contactos locales."
CLEANTECH,Dr. Aldo Boitano de Moras,"Ex CEO CleanTech Lithium (co-fundador, suspendido 2024)",Chile,Suspendido abr 2024 por préstamo no divulgado respaldado con acciones (9.4M acciones); renunció días después,2024-2025,,,,
CLEANTECH,Paul Atherton,Director NED CleanTech Lithium,Reino Unido,"Chartered Accountant, geología Imperial College; ex CFO Heritage Oil; Pdte. Comité Auditoría y Riesgo",2025-2026,,,,
CLEANTECH,Ignacio Mehech Castellón,CEO CleanTech Lithium (desde abr 2025),,Ex Country Manager Albemarle Chile 7 años; abogado LLM Melbourne; caso emblemático puerta giratoria litio,,[Cruce: Empresa-Empresa-ONG],,La Tercera,"CRUCES: PUERTA GIRATORIA: Viene de 7 años como Country Manager Albemarle (mayor operador litio Chile). Trae ""conexiones profundas"" con reguladores, comunidades y actores políticos. Mismo mercado, mismo salar (Atacama). También vincula a CleanTech con mundo Sunresin (MOU) y Forward Water (asesoría DLE)."
CLEANTECH,Atacama Salt Lakes (ASL),Subsidiaria CleanTech Lithium en Chile,Chile,Presentó solicitud formal CEOL Laguna Verde ene 2026; consulta indígena completada dic 2025,2025-2026,,,,
CLEANTECH,Proyecto Laguna Verde,Proyecto litio CleanTech,Chile (Atacama),"Norte Región Atacama, +4.300 msnm; lago hipersalino 15.2km²; modelo extracción sostenible",2020-2026,,,,
AZURE MINERALS,Azure Minerals Ltd,Empresa minera adquirida,Australia,"Adquirida por SQM + Hancock Prospecting por US$1.700M; Proyecto Andover (Pilbara, Australia)",2024,,,,
AZURE MINERALS,Tony Rovira,Managing Director Azure Minerals,Australia,"CEO 21 años; geólogo ""cazador de minas""; descubrió pegmatitas litio en Andover; post-adquisición en Lycaon y Solara",2024,,,,"CRUCES: CONEXIÓN SQM↔AUSTRALIA: Azure adquirida por SQM+Hancock (US$1.700M) → SQM diversifica fuera de Chile hacia litio australiano (pegmatitas, no salmueras). Invierte flujo: capital chileno hacia Australia, mientras capital australiano (Rio Tinto) entra a Chile. Doble vía geográfica del litio."
AZURE MINERALS,Hancock Prospecting / Gina Rinehart,Co-adquirente Azure Minerals (50%),Australia,Multimillonaria australiana; oferta conjunta SQM-Hancock US$1.700M; replicó táctica usada en Liontown,2023-2025,,,,CRUCES Reportes: Adquisición conjunta Azure Minerals con SQM por US$1.7B (50-50). Gina Rinehart.
OTROS ACTORES INDIVIDUALES,ADIONICS,Empresa Tecnologia DLE,Francia,"Proceso Flionex - liquido-liquido DLE, 99% recuperacion",2025,⚠ DUPLICADO - Ya existe en sección organizada,,,"CRUCES: 1,500 hrs pruebas en instalaciones SQM Salar Atacama. Proveedor potencial DLE NovaAndino."
OTROS ACTORES INDIVIDUALES,Adionics,Empresa,Chile,Área: Empresa interesada en invertir en extraccion de Litio,2020-2026,⚠ DUPLICADO - Ya existe en sección organizada,,,
OTROS ACTORES INDIVIDUALES,Alto Exploradora SpA,Empresa minera,Chile,Parte consorcio Quillagua Este,2025-2026,,,,
OTROS ACTORES INDIVIDUALES,Arcadium Lithium,Empresa minera (fusión Allkem+Livent),Global,Adquirida por Rio Tinto 2024; consolidó posición global litio,2024,,,,
OTROS ACTORES INDIVIDUALES,Armando Araya,CEO Aspromin SpA,Chile,CEO empresa minera familiar de Diego de Almagro,2025-2026,,,,"CRUCES: Líder holding familiar Araya. Consorcio Aspromin→proyecto Quillagua Este, Salar Llamara, US$1,800M, 70,000 TPA LCE."
OTROS ACTORES INDIVIDUALES,Bearing Lithium Corp.,Empresa exploración,Canadá,17.35% Proyecto Maricunga,2020-2024,,,,
OTROS ACTORES INDIVIDUALES,Bravo Motor Company,Empresa,Chile,Área: Empresa interesada en invertir en agregar valor al Litio en Chile,2020-2026,,,,
OTROS ACTORES INDIVIDUALES,CADL - LANSHEN,Empresa Tecnologia DLE,China,Fabricacion adsorbentes litio 8000 m3,2025,⚠ DUPLICADO - Ya existe en sección organizada,,,
OTROS ACTORES INDIVIDUALES,CADL — LANSHEN,Empresa,Chile,Área: Empresa interesada en invertir en extraccion de Litio,2020-2026,⚠ DUPLICADO - Ya existe en sección organizada,,,
OTROS ACTORES INDIVIDUALES,CARLOS CESAR DIAZ ORTIZ,Ejecutivo Principal,Chile,Gerente General Division Litio,2025,⚠ DUPLICADO - Ya existe en sección organizada,,,
OTROS ACTORES INDIVIDUALES,CNGR ADVANCED MATERIAL,Corporacion,China,Precursores catodos ternarios,2025,⚠ DUPLICADO - Ya existe en sección organizada,,,
OTROS ACTORES INDIVIDUALES,CNGR Advanced Material,Empresa tecnología baterías,China,Preseleccionada pero no seleccionada para Altoandinos ENAMI,2025,⚠ DUPLICADO - Ya existe en sección organizada,,,
OTROS ACTORES INDIVIDUALES,CNGR Advanced Material Co. Ltd.,Fabricante materiales baterías,China,Preseleccionada por ENAMI para Salares Altoandinos (no ganadora),2024,,,,
OTROS ACTORES INDIVIDUALES,COSAYACH CALICHE,Empresa Minera,Chile,"Produccion yodo, nitratos, potasio",2025,⚠ DUPLICADO - Ya existe en sección organizada,,,
OTROS ACTORES INDIVIDUALES,Carlos Calderón: Gerente Control y Finanzas,Economista/Analista,Chile,Gerente Albemarle,2020-2026,,,,
OTROS ACTORES INDIVIDUALES,Chori Co. Ltd,Empresa cooperación,Japón,Partner cooperación SIMCO Lithium,2024-2026,,,,
OTROS ACTORES INDIVIDUALES,Clean Tech Lithium,Empresa exploración,Internacional,Miembro Comité Litio SONAMI,2022-2026,⚠ DUPLICADO - Ya existe en sección organizada,,,
OTROS ACTORES INDIVIDUALES,Conductive Energy,Procesador litio,EE.UU.,"Conversión eluato DLE a carbonato de litio grado batería (99,78% pureza) para CleanTech",2024,,,,
OTROS ACTORES INDIVIDUALES,Consorcio Aspromin,Consorcio minero,Chile,Consorcio Quillagua Este; decreto en Contraloría,2025-2026,,,,
OTROS ACTORES INDIVIDUALES,Consorcio Caliche Kairós,Joint Venture,Chile,JV Inversiones Kairós (Lithium Chile) + Cosayach Caliche (Grupo Errázuriz); CEOL Coipasa,2025-2026,,,,
OTROS ACTORES INDIVIDUALES,ENALI (ENAMI Litio SpA),Empresa Estatal,Chile,Filial ENAMI para desarrollo litio,2025,⚠ DUPLICADO - Ya existe en sección organizada,,,
OTROS ACTORES INDIVIDUALES,ENALI (Enami Litio SpA),Filial ENAMI,Chile,100% ENAMI; vehículo para proyectos CEOL,2024-2026,⚠ DUPLICADO - Ya existe en sección organizada,,,
OTROS ACTORES INDIVIDUALES,ERAMET,Empresa,Chile,Área: Empresa interesada en invertir en extraccion de Litio,2020-2026,⚠ DUPLICADO - Ya existe en sección organizada,,,
OTROS ACTORES INDIVIDUALES,Forward Water,Empresa proceso downstream,Canadá/EE.UU.,Partner downstream para CleanTech Lithium,2024-2026,,,,CRUCES: Raíces academia (ósmosis directa). Asesora CleanTech Lithium Chile.
OTROS ACTORES INDIVIDUALES,Francisca Ponce Pinochet,"Hija Julio Ponce Lerou, Grupo Pampa",Chile,Asumió liderazgo de Grupo Pampa (controlador SQM),2024-2026,,,,
OTROS ACTORES INDIVIDUALES,Francisco Lepeley,Director Kuska Minerals,Chile,Miembro directorio,2025-2026,,,,
OTROS ACTORES INDIVIDUALES,GERARDO ILLANES GONZALEZ,Ejecutivo Principal,Chile,VP Finanzas y CFO,2018-2025,⚠ DUPLICADO - Ya existe en sección organizada,,,
OTROS ACTORES INDIVIDUALES,GINA OCQUETEAU TACCHINI,Presidente Directorio,Chile,Presidenta Directorio SQM,2024-2025,⚠ DUPLICADO - Ya existe en sección organizada,,,
OTROS ACTORES INDIVIDUALES,GONZALO AGUIRRE TORO,Ejecutivo Principal,Chile,Vicepresidente Legal,2016-2025,⚠ DUPLICADO - Ya existe en sección organizada,,,
OTROS ACTORES INDIVIDUALES,GONZALO GUERRERO YAMAMOTO,Vicepresidente,Chile,Vicepresidente Directorio SQM,2025,⚠ DUPLICADO - Ya existe en sección organizada,,,
OTROS ACTORES INDIVIDUALES,GRUPO ERRAZURIZ,Conglomerado,Chile,2 cuotas licitacion litio Piñera US$90M,2025,⚠ DUPLICADO - Ya existe en sección organizada,,,
OTROS ACTORES INDIVIDUALES,Gansu Daxiang Energy Thecnology Co Ltd.,Empresa,Chile,Área: Empresa interesada en invertir en agregar valor al Litio en Chile,2020-2026,,,,
OTROS ACTORES INDIVIDUALES,HERNAN ALBERTO BUCHI BUC,Director,Chile,Director SQM,2024-2025,⚠ DUPLICADO - Ya existe en sección organizada,,,
OTROS ACTORES INDIVIDUALES,Hancock Prospecting,Empresa minera,Australia,JV con SQM; adquisición Azure Minerals por A$1.7 bn,2024-2026,,,,
OTROS ACTORES INDIVIDUALES,Hugo Lecaros,Corporate Affairs Manager CRAMSA,Chile,Gerente asuntos corporativos,2025-2026,,,,"CRUCES: ALADYR representante Chile + Grupo Evans (Hugo Lecaros De La Cerda, energía). Asuntos corporativos, compliance."
OTROS ACTORES INDIVIDUALES,IBC Advanced Technologies,Empresa tecnología DLE,EE.UU.,Tecnología SuperLig® MRT para SIMCO Lithium; DLP en Maricunga piloto,2024-2026,,,,
OTROS ACTORES INDIVIDUALES,Imelsa S.A.,Empresa,Chile,Área: Empresa interesada en invertir en agregar valor al Litio en Chile,2020-2026,,,,
OTROS ACTORES INDIVIDUALES,Invermer S.A.,Empresa,Chile,Área: Empresa interesada en invertir en agregar valor al Litio en Chile,2020-2026,,,,
OTROS ACTORES INDIVIDUALES,Inversiones Valeska Minerals SpA,Empresa minera,Chile,Parte consorcio Quillagua Este,2025-2026,,,,
OTROS ACTORES INDIVIDUALES,Ismael Aracena Novoa,Empresa,Chile,Área: Subgenrente proyectos ambientales SQM Salar SpA,2020-2026,,,,
OTROS ACTORES INDIVIDUALES,KUSKA MINERALS SpA,JV Empresa-Comunidad,Chile,JV Wealth Minerals + Comunidad Ollague,2025,⚠ DUPLICADO - Ya existe en sección organizada,,,
OTROS ACTORES INDIVIDUALES,Koch Technology Solutions,Empresa tecnología DLE,EE.UU.,Tecnología Li-Pro™ Lithium Selective Sorption; en evaluación,2024-2025,,,,
OTROS ACTORES INDIVIDUALES,LG Technology Ventures,Fondo inversión corporativo,Corea del Sur,Inversor en Summit Nanotech,2024-2026,,,,
OTROS ACTORES INDIVIDUALES,LILAC SOLUTIONS,Empresa Tecnologia DLE,EE.UU.,Perlas ceramicas intercambio ionico,2025,⚠ DUPLICADO - Ya existe en sección organizada,,,
OTROS ACTORES INDIVIDUALES,LILAC Solutions,Empresa,Chile,Área: Empresa interesada en invertir en extraccion de Litio,2020-2026,⚠ DUPLICADO - Ya existe en sección organizada,,,
OTROS ACTORES INDIVIDUALES,Llamara Group,Empresa exploración,Chile,Obtuvo CEOL para proyecto Quillagua Norte,2024-2026,,,,
OTROS ACTORES INDIVIDUALES,Llamara Group SpA,Empresa minera,Chile,CEOL Quillagua Norte; decreto en Contraloría,2025-2026,,,,
OTROS ACTORES INDIVIDUALES,MARK FONES ILLANES,Ejecutivo Principal,Chile,Gerente General Division Litio Internacional,2025,⚠ DUPLICADO - Ya existe en sección organizada,,,
OTROS ACTORES INDIVIDUALES,MINERA SALAR BLANCO,Empresa Minera,Chile,Proyecto Maricunga,2025,⚠ DUPLICADO - Ya existe en sección organizada,,,
OTROS ACTORES INDIVIDUALES,MONUMENTAL ENERGY CORP,Empresa Exploracion,Canada,"Proyectos Laguna Blanca, Salar Turi",2025,⚠ DUPLICADO - Ya existe en sección organizada,,,
OTROS ACTORES INDIVIDUALES,Marcelo Awad,Director Kuska Minerals,Chile,Miembro directorio,2025-2026,,,,
OTROS ACTORES INDIVIDUALES,Minergy Chile SpA,Empresa minera,Chile,Vendió 30 licencias mineras adicionales en Laguna Verde a CTL,2025,,,,
OTROS ACTORES INDIVIDUALES,Mitsui Kinzoku,Empresa materiales,Japón,Inversor en Summit Nanotech,2024-2026,,,,
OTROS ACTORES INDIVIDUALES,Molymet,Empresa,Chile,Área: Empresa interesada en invertir en agregar valor al Litio en Chile,2020-2026,,,,CRUCES Reportes: Consorcio Molymet+Samsung SDI+Sichuan Fulin: US$750M inversión fabricación baterías Chile.
OTROS ACTORES INDIVIDUALES,Monumental Minerals,Empresa minera,Canadá,Aprobación Comunidad Ayquina-Turi para exploración Salar de Turi,2024-2026,,,,
OTROS ACTORES INDIVIDUALES,PABLO ALTIMIRAS CEARDI,Ejecutivo Principal,Chile,Gerente General Division Yodo,2025,⚠ DUPLICADO - Ya existe en sección organizada,,,
OTROS ACTORES INDIVIDUALES,POSCO HOLDINGS,Corporacion,Corea del Sur,"Inversiones litio US$817M, tecnologia DLE propia",2025,⚠ DUPLICADO - Ya existe en sección organizada,,,
OTROS ACTORES INDIVIDUALES,POSCO Holdings,Conglomerado industrial,Corea del Sur,Preseleccionado pero no seleccionado para Altoandinos ENAMI,2025,⚠ DUPLICADO - Ya existe en sección organizada,,,
OTROS ACTORES INDIVIDUALES,POSCO Holdings Inc.,Conglomerado minero/siderúrgico,Corea del Sur,Preseleccionada por ENAMI para Salares Altoandinos (no ganadora),2024,⚠ DUPLICADO - Ya existe en sección organizada,,,
OTROS ACTORES INDIVIDUALES,Pan Asia Metals,Empresa minera,Singapur/Australia,"Proyecto Tama Atacama Lithium; ~123,400 ha concesiones Pampa del Tamarugal",2024-2026,,,,
OTROS ACTORES INDIVIDUALES,Paul Lock,Managing Director Pan Asia Metals,Australia,MD proyecto Tama Atacama,2024-2026,,,,
OTROS ACTORES INDIVIDUALES,QUIBORAX,Empresa Minera,Chile,Mayor productor acido borico Sudamerica,2025,⚠ DUPLICADO - Ya existe en sección organizada,,,
OTROS ACTORES INDIVIDUALES,Raúl del Barrio,Director ejecutivo RJR Salar,Chile,Operador Grupo Errázuriz en procesos CEOL,2024-2026,,,,
OTROS ACTORES INDIVIDUALES,Regal Funds,Fondo inversión,Australia,~A$2.6M en notas de préstamo a CTL,2025-2026,,,,
OTROS ACTORES INDIVIDUALES,Rubystock Financial Capital Corp. & Fallingbrook Commodities Ltd.,Empresa,Chile,Área: Empresa interesada en invertir en agregar valor al Litio en Chile,2020-2026,,,,
OTROS ACTORES INDIVIDUALES,SALAR DE MARICUNGA SpA,Empresa Estatal,Chile,Subsidiaria Codelco para litio,2025,⚠ DUPLICADO - Ya existe en sección organizada,,,
OTROS ACTORES INDIVIDUALES,SAMSUNG SDI Co. Ltd.,Empresa,Chile,Área: Empresa interesada en invertir en agregar valor al Litio en Chile,2020-2026,⚠ DUPLICADO - Ya existe en sección organizada,,,
OTROS ACTORES INDIVIDUALES,SLB,Empresa,Chile,Área: Empresa interesada en invertir en extraccion de Litio,2020-2026,⚠ DUPLICADO - Ya existe en sección organizada,,,
OTROS ACTORES INDIVIDUALES,SLB (Schlumberger),Empresa Tecnologia DLE,Internacional,"NeoLith Energy, planta piloto DLE",2025,⚠ DUPLICADO - Ya existe en sección organizada,,,
OTROS ACTORES INDIVIDUALES,SORCIA MINERALS,Empresa Tecnologia,EE.UU.,DLE absorcion selectiva >90% salmuera,2025,⚠ DUPLICADO - Ya existe en sección organizada,,,
OTROS ACTORES INDIVIDUALES,SUMMIT NANOTECH,Empresa Tecnologia DLE,Canada,"denaLi DLE nanotecnologia, 95% reciclaje agua",2025,⚠ DUPLICADO - Ya existe en sección organizada,,,
OTROS ACTORES INDIVIDUALES,SUMMIT NANOTECH,Empresa,Chile,Área: Empresa interesada en invertir en extraccion de Litio,2020-2026,⚠ DUPLICADO - Ya existe en sección organizada,,,
OTROS ACTORES INDIVIDUALES,SUNRESIN NEW MATERIALS,Empresa Tecnologia DLE,China,Resinas intercambio ionico 50000 m3/ano,2025,⚠ DUPLICADO - Ya existe en sección organizada,,,CRUCES: Líder chino sorbentes DLE. MOU con CleanTech Lithium Chile.
OTROS ACTORES INDIVIDUALES,Salinity Solutions,Startup DLE (membranas),Internacional,Recibió inversión del brazo venture de SQM para tecnología DLE por membranas,2024-2026,,,,
OTROS ACTORES INDIVIDUALES,Shenzheng Matel Tech.Co. Ltd. y Jiangmen Kanhoo Industry Co. Ltd.,Empresa,Chile,Área: Empresa interesada en invertir en agregar valor al Litio en Chile,2020-2026,,,,
OTROS ACTORES INDIVIDUALES,SinoVenture Chile,Empresa,Chile,Área: Empresa interesada en invertir en agregar valor al Litio en Chile,2020-2026,,,,
OTROS ACTORES INDIVIDUALES,Sociedad Minera Aspromin SpA,Empresa minera familiar,Chile,Líder consorcio Quillagua Este; 9 años explorando Salar de Llamara,2025-2026,,,,
OTROS ACTORES INDIVIDUALES,Sorcia Minerals,Empresa exploración,Internacional,Participó en RFI; miembro Comité Litio SONAMI,2024-2026,⚠ DUPLICADO - Ya existe en sección organizada,,,
OTROS ACTORES INDIVIDUALES,Stephen Foot,Director Kuska Minerals,Canadá,Miembro directorio,2025-2026,,,,
OTROS ACTORES INDIVIDUALES,Suchuam Fulin Industrial Group Co. Ltd.,Empresa,Chile,Área: Empresa interesada en invertir en agregar valor al Litio en Chile,2020-2026,,,,
OTROS ACTORES INDIVIDUALES,Sunresin,Proveedor DLE,China,Construyó planta piloto DLE de CleanTech Lithium; planta propia en norte de Chile; ~80.000 tpa total,2024-2026,,,,
OTROS ACTORES INDIVIDUALES,TVEL Fuel Company of Rosatom,Empresa,Chile,Área: Empresa interesada en invertir en agregar valor al Litio en Chile,2020-2026,,,,
OTROS ACTORES INDIVIDUALES,Tsingshan Holding,Empresa (desistió),China,Planta baterías Mejillones US$233 millones - no se constituyó,2023-2025,,,,
OTROS ACTORES INDIVIDUALES,UMICORE,Empresa,Chile,Área: Empresa interesada en invertir en agregar valor al Litio en Chile,2020-2026,,,,
OTROS ACTORES INDIVIDUALES,WATERCYCLE TECHNOLOGIES,Empresa Tecnologia DLE,Reino Unido,DLEC membranas fibra hueca,2025,⚠ DUPLICADO - Ya existe en sección organizada,,,CRUCES: Spin-off U. Manchester. Seleccionada entre 30 competidores para DLE Chile.
OTROS ACTORES INDIVIDUALES,WEALTH MINERALS,Empresa Exploracion,Canada,"Proyectos Ollague, Atacama, Laguna Verde",2025,⚠ DUPLICADO - Ya existe en sección organizada,,,
OTROS ACTORES INDIVIDUALES,WaterCycle Technologies,Empresa,Chile,Área: Empresa interesada en invertir en extraccion de Litio,2020-2026,⚠ DUPLICADO - Ya existe en sección organizada,,,
OTROS ACTORES INDIVIDUALES,Yongqing Technology,Subsidiaria Tsingshan,China,Planta de cátodos LFP US$233M en Antofagasta; proyecto retirado mayo 2025 por caída precios,2024-2025,,,,
OTROS ACTORES INDIVIDUALES,Yongqing Technology / Tsingshan Group,Empresa metalúrgica,China,Desistió planta cátodos US$233M; nunca incorporada legalmente en Chile,2024-2025,,,,
ENALI / SALARES ALTOANDINOS,ENALI (ENAMI Litio SpA),SPV de ENAMI para litio,Chile,Proyecto Salares Altoandinos con Rio Tinto; autorización 1.22M ton litio; modelo participación estatal,2024-2026,,,,"CRUCES: PARALELO NOVAANDINO: ENALI replica modelo SPV estatal + socio privado (Rio Tinto) similar a NovaAndino (Codelco+SQM). Soledad Jeria negoció ambos. Si ENALI y NovaAndino operan simultáneamente, Rio Tinto y SQM competirán como socios minoritarios del mismo Estado."
LLAMARA GROUP,Llamara Group SpA,Empresa chilena (arcillas litio),Chile,Primer proyecto arcillas litio en Chile (Salar Llamara); JV con Summit Nanotech 2024; alternativa a salmueras,2024-2026,,,,"CRUCES: ALTERNATIVA TECNOLÓGICA: Primer proyecto de arcillas de litio en Chile (no salmueras). JV con Summit Nanotech (DLE canadiense) + familia Araya (Aspromin). Si funciona, diversifica fuentes más allá del modelo salar dominado por SQM/Albemarle/Codelco."
LLAMARA GROUP,Armando Araya Contreras,CEO Aspromin/Alto Exploradora; holding familia Araya,Chile,Co-fundador Alto Exploradora; posiciones en 6 salares; 25 años sin aparición pública hasta 2024,2020-2026,,,,
CONSORCIO ASPROMIN,Consorcio Aspromin / Minera Aspromin,Consorcio familiar minero,Chile,Proyecto Quillagua Este (Salar Llamara): 70.000 ton/año LCE; US$1.800M inversión; +1.000 empleos proyectados,2024-2026,,,,
PROVEEDORES TECNOLOGÍA DLE,ADIONICS,Empresa francesa DLE (extracción por solventes),Francia,Tecnología Flionex®; 1.500h pruebas exitosas en Salar Atacama con SQM (feb 2024); alta selectividad litio,2024-2026,,,,
PROVEEDORES TECNOLOGÍA DLE,LILAC Solutions,Empresa estadounidense DLE (intercambio iónico cerámico),EEUU,Recuperación >90% en 300mg/L; offtake 10 años con Traxys; presencia Salar Atacama; evita proveedores chinos,2020-2026,,,,
PROVEEDORES TECNOLOGÍA DLE,Summit Nanotech,Empresa canadiense DLE (sorbente eLivate™),Canadá,"Tecnología denaLi™; planta demo Santiago feb 2026; 30% menos agua; ronda US$25.5M (mar 2025, LG Ventures); JV Llamara",2024-2026,,,,"CRUCES: NODO DLE CONVERGENTE: Summit tiene JV con Llamara Group + inversión de LG Ventures (Corea) + planta demo en Santiago. Conecta capital coreano, tecnología canadiense y empresariado chileno emergente (Araya). LG también tiene offtake con SQM → triángulo SQM-LG-Summit."
PROVEEDORES TECNOLOGÍA DLE,SLB (Schlumberger) / NeoLith Energy,Multinacional servicios petroleros diversificada a litio,EEUU,División NeoLith Energy: DLE integrado pozo-a-producto; planta demo Nevada sep 2024; interés en Chile (Reuters feb 2025),2024-2026,,,,
PROVEEDORES TECNOLOGÍA DLE,Sunresin New Materials,Empresa china líder sorbentes DLE,China,Líder global sorbentes DLE; MOU con CleanTech Lithium Chile; opera proyecto Jintai (Qinghai); sin solventes,2020-2026,,,,
PROVEEDORES TECNOLOGÍA DLE,WaterCycle Technologies,Empresa británica DLE+cristalización (DLEC™),Reino Unido,Spin-off U. Manchester; seleccionada entre 30 candidatos para demo en Atacama; combina DLE con cristalización,2024-2026,,,,
PROVEEDORES TECNOLOGÍA DLE,IBC Advanced Technologies / GreenLiT,Empresa estadounidense DLE (MRT™),EEUU,Direct Lithium to Product® (DLP™); 99%+ rendimiento en Maricunga; produjo LiOH 99.5%+ pureza desde salmuera,2020-2026,,,,
PROVEEDORES TECNOLOGÍA DLE,Koch Technology Solutions / Aquatech,Conglomerado industrial EEUU (Li-Pro LSS),EEUU,Parte Koch Industries; tecnología Li-Pro DLE; adquirida por Aquatech 2025 → plataforma PEARL,2024-2026,,,,
PROVEEDORES TECNOLOGÍA DLE,Forward Water Technologies,Empresa canadiense (ósmosis directa),Canadá,Seleccionada para asesorar CleanTech Lithium Chile (ene 2024); litio en horas vs meses; patente separación Li+/Mg2+,2024-2026,,,,
EMPRESAS ASIÁTICAS (cadena valor litio),CNGR Advanced Material,Empresa china materiales baterías,China,Líder materiales baterías Li-ion; evaluando deuda/capital en proyectos litio chilenos; precursores cátodo,2020-2026,,,,
EMPRESAS ASIÁTICAS (cadena valor litio),POSCO Holdings,Conglomerado industrial coreano,Corea del Sur,Mayor productor acero Corea; inversión KRW 1.1B litio (nov 2025); acuerdos Argentina/Chile; offtake SK On 25.000t,2018-2026,,,,"CRUCES: CRUCE COREANO: POSCO + Samsung SDI + LG = triple presencia coreana en cadena valor litio Chile. Consorcio POSCO-Samsung intentó planta cátodos (2018), LG invirtió en Summit Nanotech y tiene offtake con SQM. Corea del Sur compite con China por posiciones en litio chileno."
EMPRESAS ASIÁTICAS (cadena valor litio),Samsung SDI,Fabricante baterías coreano,Corea del Sur,Consorcio POSCO-Samsung planta cátodos Chile (2018); con Molymet+Fulin US$750M fab. baterías (2019),2018-2026,,,,
EMPRESAS ASIÁTICAS (cadena valor litio),Tsingshan / Yongqing Technology,Empresa metalúrgica china (desistió),China,Anunció US$233.2M planta LFP Chile 2023; abandonó 2025 junto con BYD; geopolítica china en litio Chile,2023-2025,,,,
EMPRESAS ASIÁTICAS (cadena valor litio),LG Technology Ventures / LG Energy Solution,Brazo inversión/baterías Grupo LG,Corea del Sur,Invirtió en Summit Nanotech (mar 2025); offtake 100.000t litio 7 años con SQM (jul 2023); candidato Altoandinos,2023-2026,,,,
EMPRESAS ASIÁTICAS (cadena valor litio),Chengxin Lithium Group,Productor chino de litio,China,Dos oficiales nombrados directores Lithium Chile (ene 2026); profundización relación capital asiático-juniors,2025-2026,,,,
EMPRESAS ASIÁTICAS (cadena valor litio),UMICORE,Empresa belga materiales baterías y reciclaje,Bélgica,Líder materiales cátodo y reciclaje Li-ion; comprador potencial litio chileno; procesos pirometalúrgicos,2020-2026,,,,
CADENA DE VALOR — EMPRESAS AUTOMOTRICES,BMW,Automotriz,Alemania,"Co-fundador Responsible Lithium Partnership (RLP) Salar de Atacama; se incorporó feb 2022; aportó investigación científica impacto extracción litio en recursos hídricos (con U. Alaska Anchorage); RLP operó abr 2021-feb 2025, continúa como fundación",2021-2025,,,,"CRUCES: RLP junto con BASF, Mercedes-Benz, Daimler Truck, Fairphone, VW; interfaz responsabilidad social con operaciones Salar de Atacama | Reubicado desde 'Actores Financieros'"
CADENA DE VALOR — EMPRESAS AUTOMOTRICES,BYD Chile SpA,Automotriz/Baterías,China,": Seleccionado ""productor especializado"" por CORFO (abr 2023); acceso precios preferenciales carbonato litio SQM hasta 2030; proyecto planta cátodos LFP US$290M; ABANDONÓ proyecto may 2025 junto con Tsingshan (caída precios, complejidad permisos)",2023-2025,,,,CRUCES: Abandono junto con Tsingshan representa oportunidad perdida industrialización; acceso litio SQM vía CORFO; razones incluyen caída precios y burocracia permisos | Reubicado desde 'Actores Financieros'
CADENA DE VALOR — EMPRESAS AUTOMOTRICES,Mercedes-Benz / Daimler,Automotriz,Alemania,Co-fundador RLP Salar de Atacama; acuerdos abastecimiento responsable litio de minas auditadas; preparación futuro 100% eléctrico; mira Chile como actor clave electromovilidad,2021-2026,,,,CRUCES: Con Daimler Truck AG formaron parte fundacional RLP; estándar litio de origen responsable como requisito cadena suministro | Reubicado desde 'Actores Financieros'
CADENA DE VALOR — EMPRESAS AUTOMOTRICES,Ford Motor Company,Automotriz,EE.UU.,": Acuerdo suministro largo plazo con SQM (may 2023) — carbonato e hidróxido litio grado batería; también acuerdos con Albemarle (+100,000 ton hidróxido litio, ~3M baterías VE)",2023-2026,,,,CRUCES: Único automotriz con acuerdos tanto con SQM como con Albemarle en Chile; estrategia diversificación suministro materiales críticos | Reubicado desde 'Actores Financieros'
CADENA DE VALOR — EMPRESAS AUTOMOTRICES,Hyundai / Kia Motors,Automotriz,Corea del Sur,": Acuerdo suministro largo plazo SQM (vía SQM Salar S.A., jun 2024) — hidróxido litio para baterías VE",2024-2026,,,,"CRUCES: SQM proyecta producir ~210,000 TM carbonato litio equivalente 2024 desde Chile y China; fortalece eje coreano (Hyundai/Kia + LG Energy Solution) | Reubicado desde 'Actores Financieros'"
CADENA DE VALOR — EMPRESAS AUTOMOTRICES,Tesla,Automotriz,EE.UU.,"Negociaciones con SQM desde 2018 para suministro litio y potencial planta procesadora Chile; acuerdo compra litio SQM vía JV Australia (2018, 3 años); Chile considerado destino estratégico",2018-2026,,,,CRUCES: Interés directo de Elon Musk en SQM reportado por Financial Times; relación Tesla-Panasonic (proveedor baterías) potencial canal adicional | Reubicado desde 'Actores Financieros'
CADENA DE VALOR — EMPRESAS AUTOMOTRICES,Toyota Tsusho,Trading/Automotriz,Japón,Brazo comercial Grupo Toyota; inversiones litio en otras regiones (JV con Allkem); sin conexiones directas documentadas con SQM/Albemarle o proyectos Chile,2020-2026,,,,Reubicado desde 'Actores Financieros'
CADENA DE VALOR — EMPRESAS AUTOMOTRICES,Volkswagen,Automotriz,Alemania,"Co-fundador RLP junto con BASF, Daimler, Fairphone (2021); encargó estudio minería litio sostenible Chile (feb 2020 con Daimler); diálogo partes interesadas Salar de Atacama",2020-2026,,,,CRUCES: Impulsó estudios científicos previos al RLP; lobby InfoLobby sobre sostenibilidad litio Atacama | Reubicado desde 'Actores Financieros'
CADENA DE VALOR — FABRICANTES DE BATERÍAS,CATL,Baterías,China,: Mayor fabricante baterías mundo; compra litio SQM; oficina regional Chile abierta 2025; suministró 1 GWh baterías BESS planta solar Malgarida Atacama; explora reciclaje baterías con SQM,2020-2026,,,,CRUCES: Apertura oficina Chile señala interés fortalecer presencia Latam; exploración reciclaje con SQM amplía relación más allá suministro | Reubicado desde 'Actores Financieros'
CADENA DE VALOR — FABRICANTES DE BATERÍAS,LG Energy Solution,Baterías,Corea del Sur,": Múltiples acuerdos SQM — acuerdo valor agregado/tecnología (may 2022); contrato largo plazo +100,000 ton carbonato/hidróxido litio (jul 2023); contrato vigente hasta 2029; proyectos inversión conjunta cátodos e hidróxido litio",2022-2026,,,,"CRUCES: Reuniones con funcionarios chilenos junto con Tianqi y Eramet para explorar opciones litio (dic 2024, Bloomberg Línea); eje coreano LG+Hyundai/Kia | Reportes: LG Technology Ventures invirtió en Summit Nanotech. Estrategia LG Group cadena valor litio. | Reubicado desde 'Actores Financieros'"
CADENA DE VALOR — FABRICANTES DE BATERÍAS,Panasonic,Baterías,Japón,Proveedor exclusivo baterías Tesla en EE.UU.; ~20 mil millones baterías litio suministradas globalmente; desarrollo cadena suministro Canadá; sin conexiones directas con SQM/Albemarle Chile,2020-2026,,,,CRUCES: Socio Tesla; conexión indirecta con Chile vía cadena suministro Tesla | Reubicado desde 'Actores Financieros'
CADENA DE VALOR — FABRICANTES DE BATERÍAS,Johnson Matthey,Tecnologías limpias,Reino Unido,Acuerdo suministro hidróxido litio con SQM,2024-2026,,,,CRUCES: Empresa británica tecnologías limpias con acuerdo directo SQM | Reubicado desde 'Actores Financieros'
CADENA DE VALOR — CONSORCIOS INDUSTRIALES Y PRODUCTORES ESPECIALIZADOS,Samsung SDI - POSCO (Consorcio),Consorcio industrial,Corea del Sur,"Seleccionado por CORFO (mar 2018) para planta cátodos litio Chile; inversión conjunta 57,500M won (~US$54M); proyecto retrasado por disputas CORFO-Albemarle",2018-2024,,,,"CRUCES: Uno de 3 consorcios ""productor especializado"" CORFO (junto con Molymet y Sichuan Fulin); proyecto estancado por conflicto contractual CORFO-Albemarle | Reubicado desde 'Actores Financieros'"
CADENA DE VALOR — CONSORCIOS INDUSTRIALES Y PRODUCTORES ESPECIALIZADOS,Sichuan Fulin Industrial Group,Empresa industrial,China,Seleccionada por CORFO para invertir US$754M industrializar litio norte Chile; inversión ~US$350M proyecto Salar Blanco con Minera Salar Blanco; enfrentó mismos retrasos CORFO-Albemarle,2017-2024,,,,"CRUCES: Asociación con Minera Salar Blanco (proyecto Maricunga); parte del programa CORFO ""productores especializados"" | Reubicado desde 'Actores Financieros'"
CADENA DE VALOR — CONSORCIOS INDUSTRIALES Y PRODUCTORES ESPECIALIZADOS,Tsingshan,Gigante chino metales,China,"Proyecto baterías Mejillones como ""productor especializado"" con acceso litio SQM; abandonó proyecto junto con BYD (may 2025)",2023-2025,,,,CRUCES: Abandono junto con BYD refleja dificultades industrialización litio Chile; acceso preferente litio SQM vía CORFO | Reubicado desde 'Actores Financieros'
CADENA DE VALOR — CONSORCIOS INDUSTRIALES Y PRODUCTORES ESPECIALIZADOS,BASF,Empresa química,Alemania,Co-fundadora Responsible Lithium Partnership (RLP) Salar de Atacama (2021),2021-2025,,,,"CRUCES: Parte del consorcio europeo de sostenibilidad junto con BMW, Mercedes, VW, Fairphone |  CRUCES Reportes: Co-iniciador RLP. Productor cátodos baterías. Financió Mesa Multiactor Chile. | Reubicado desde 'Actores Financieros'"
CADENA DE VALOR — CONSORCIOS INDUSTRIALES Y PRODUCTORES ESPECIALIZADOS,Fairphone,Electrónica sostenible,Países Bajos,Co-fundadora RLP Salar de Atacama,2021-2025,,,,Reubicado desde 'Actores Financieros'
CADENA DE VALOR — CONSORCIOS INDUSTRIALES Y PRODUCTORES ESPECIALIZADOS,Eramet,Minera,Francia,"Explorando opciones litio Chile junto con Tianqi y LG Energy Solution (dic 2024, Bloomberg Línea)",2024-2026,,,,CRUCES: PPU (Juan Paulo Bambach) asesora Eramet en demandas servidumbre y CEOL Ascotán; exploración conjunta con Tianqi (accionista SQM) y LG Energy | Reubicado desde 'Actores Financieros'
CONSTRUCTORAS E INFRAESTRUCTURA,CRAMSA (Constructora de Agua y Minería S.A.),Constructora/infraestructura,Chile,": Proyecto ""Aguas Marítimas"" — planta desalinizadora US$5,000M, capacidad 700,000 m3/día; red 480 km tuberías abastecerá comunas Antofagasta, Sierra Gorda, Calama; reuniones InfoLobby sobre sostenibilidad producción litio Salar de Atacama y gestión hídrica minería",2024-2026,,,,CRUCES: Infraestructura hídrica crítica para operaciones SQM y Albemarle en Atacama; oficinas Antofagasta y Santiago; abastecerá tanto minería cobre como litio | Reubicado desde 'Actores Financieros'
REGISTROS ADICIONALES (desde archivo COMPLETO),Carlos César Díaz Ortíz,Ejecutivo Principal,Chile,GERENTE GENERAL - SQM S.A.,Salar de Atacama,2020-2026,,,
REGISTROS ADICIONALES (desde archivo COMPLETO),Ricardo Ramos Rodriguez,Gerente General,Chile,08/01/2019 - SQM S.A.,Salar de Atacama,2020-2026,,,
REGISTROS ADICIONALES (desde archivo COMPLETO),Georges Antoine De Bourguignon Arndt,Director,Chile,25/04/2024 - SQM S.A.,Salar de Atacama,2020-2026,,,
REGISTROS ADICIONALES (desde archivo COMPLETO),(Origen: Tecnología DLE),,,,,,,,
REGISTROS ADICIONALES (desde archivo COMPLETO),CADL-Lanshen,China,Fabricación de adsorbentes de litio (capacidad 8.000 m³). Tecnología Li-Pro™ DLE,Feng Zhi Jun (Chairman del Directorio),N/D,"SoftBank, China Minmetals, CICC Capital",,,
