Nombre,Organización Principal,Cargo,N° Eventos,Ámbitos,Organizaciones detectadas,Cargos detectados,Lista de eventos (de base consolidada)
Aurora Williams,Ministerio de Minería,(ex)Ministra,16.0,"Chile gobierno, CEOL, Expomin",Ministerio de Minería; Ministerio de Minería (Bachelet II); Ministerio de Minería de Chile,Ministra; Ministra (firmante por el Estado); Ministra (preside); Ministra de Minería; Ministra de Minería (Bachelet II),"Anuncio Acuerdo Codelco-SQM (Salar de Atacama); CEOL Maricunga histórico (DS 64/2018) y adquisición LPI 2024; CEOL definitivo Maricunga - Codelco-Rio Tinto (12 Feb 2026); Comisión Nacional del Litio (CNL) 2014-2015; Comité Corfo del Litio y Salares; Constitución NovaAndino Litio SpA (Ceremonia Biblioteca Nacional); Diálogos ENL regionales (Min. Minería Chile); EXPOMIN 2025; Firma Acuerdo Codelco-SQM – Formalización Asociación; Firma Primer CEOL ENAMI – Proyecto Salares Altoandinos; Firma primer CEOL (ENAMI–Rio Tinto); Firma segundo CEOL (Codelco, Maricunga); Reunión CPA – Ministerio de Minería; Reunión CPA–Ministra de Minería; Seminario SQM-AIA-UCN ""Hacia un futuro sustentable: Rol y Estrategias de Chile en el mercado global del Litio"" (Exponor 2024); U. Antofagasta: Política Nacional Litio"
Máximo Pacheco,Codelco,Presidente del Directorio,12.0,"Chile gobierno, empresa, senado",Codelco; NovaAndino Litio SpA (por Codelco),Pres. Directorio / Dir. NovaAndino; Presidente Directorio; Presidente Directorio (renunció a dieta); Presidente del Directorio,"Anuncio Acuerdo Codelco-SQM (Salar de Atacama); Bloqueo Salar de Atacama – Bloque Sur; CEOL definitivo Maricunga - Codelco-Rio Tinto (12 Feb 2026); Constitución NovaAndino Litio SpA (Ceremonia Biblioteca Nacional); EXPOMIN 2025; FNE Aprueba JV Codelco-SQM (NovaAndino); Firma Acuerdo Codelco-SQM – Formalización Asociación; Firma segundo CEOL (Codelco, Maricunga); Future Minerals Forum 2024 (3ª ed.); Materialización NovaAndino Litio; Mesa Tripartita Comunidades–Codelco–SQM; U. Antofagasta: Política Nacional Litio"
Gabriel Boric Font,Gobierno de Chile,Presidente,7.0,Chile,Gobierno de Chile,Presidente; Presidente de la República,"Anuncio Acuerdo Codelco-SQM (Salar de Atacama); CEOL definitivo Maricunga - Codelco-Rio Tinto (12 Feb 2026); Constitución NovaAndino Litio SpA (Ceremonia Biblioteca Nacional); Firma Primer CEOL ENAMI – Proyecto Salares Altoandinos; Firma primer CEOL (ENAMI–Rio Tinto); Firma segundo CEOL (Codelco, Maricunga); Lanzamiento ENL – Ruinas de Huanchaca"
Ricardo Ramos,SQM,CEO,7.0,"Chile empresa, academia, NovaAndino",NovaAndino Litio SpA (por SQM); SQM,CEO; CEO / Director NovaAndino; Gerente General; Vicepresidente Directorio,Anuncio Acuerdo Codelco-SQM (Salar de Atacama); CLAPES UC: ENL ¿Estamos a Tiempo?; Constitución NovaAndino Litio SpA (Ceremonia Biblioteca Nacional); FNE Aprueba JV Codelco-SQM (NovaAndino); Firma Acuerdo Codelco-SQM – Formalización Asociación; Materialización NovaAndino Litio; Mesa Tripartita Comunidades–Codelco–SQM
José Miguel Benavente,CORFO,VP Ejecutivo,6.0,"Chile gobierno, academia",CORFO; Corfo; SQM Litio,VP Ejecutivo; VPE Corfo; Vicepresidente Ejecutivo; Vicepresidente Servicios Corporativos y Sostenibilidad,"Anexo Corfo-Albemarle 2024 (cierre arbitraje ICC); CLAPES UC: ENL ¿Estamos a Tiempo?; Comité Corfo del Litio y Salares; Espacio Público: Gobernanza Salares; Lanzamiento ENL – Ruinas de Huanchaca; Seminario SQM-AIA-UCN ""Hacia un futuro sustentable: Rol y Estrategias de Chile en el mercado global del Litio"" (Exponor 2024)"
Carlos Sadir,Gobierno de Jujuy,Gobernador,5.0,Argentina,Gobierno de Jujuy,Gobernador; Gobernador (desde dic 2023),"Arminera 2025 (Mesas del Litio y del Cobre); COFEMIN + Mesa del Litio Argentina (Región Minera del Litio); RELiTE – Seminario Gobernanza del Litio; RELiTE – Seminario Internacional sobre Medio Ambiente, Desarrollo Sostenible y Gobernanza del Litio; XIII Litio en Sudamérica"
Gustavo Sáenz,Gobierno de Salta,Gobernador,5.0,Argentina,Gobierno de Salta,Gobernador,"Arminera 2025 (Mesas del Litio y del Cobre); COFEMIN + Mesa del Litio Argentina (Región Minera del Litio); XI Seminario Internacional ""Litio en la Región de Sudamérica""; XII Seminario Internacional ""Litio en la Región de Sudamérica""; XIII Litio en Sudamérica"
Raúl Jalil,Gobierno de Catamarca,Gobernador,5.0,Argentina,Gobierno de Catamarca,Gobernador,"Arminera 2025 (Mesas del Litio y del Cobre); COFEMIN + Mesa del Litio Argentina (Región Minera del Litio); XI Seminario Internacional ""Litio en la Región de Sudamérica""; XII Seminario Internacional ""Litio en la Región de Sudamérica""; XIII Litio en Sudamérica"
Roberto Cacciola,CAEM,Presidente,5.0,Argentina,CAEM; CAEM (reelecto oct 2025),Presidente; Presidente CAEM / Minera Santa Cruz,"18° Seminario ""Argentina Oro, Plata y Cobre"" (Panorama Minero); Arminera 2025; Arminera 2025 (Mesas del Litio y del Cobre); COFEMIN + Mesa del Litio Argentina (Región Minera del Litio); XIII Litio en Sudamérica"
Suina Chahuán,Min. Minería,Subsecretaria,5.0,"Chile gobierno, foros",Min. Minería Chile; Ministerio de Minería,Subsecretaria,"Comité Corfo del Litio y Salares; Diálogos ENL (regiones norte); Diálogos ENL regionales (Min. Minería Chile); Firma segundo CEOL (Codelco, Maricunga); IMARC 2024 (International Mining and Resources Conference + Expo)"
Vladimir Reyes,Consejo de Pueblos Atacameños (CPA),Presidente,5.0,Chile,CPA; CPA – Consejo de Pueblos Atacameños; Consejo de Pueblos Atacameños (CPA),Presidente; Presidente CPA,"Bloqueo Salar de Atacama – Bloque Sur; Ciclo ""Diálogos Abiertos sobre el Litio"" (IPP-UCN + SQM + El Mercurio Antofagasta); Ciclo ""Diálogos abiertos sobre el litio"" UCN; Reunión CPA – Ministerio de Minería; Reunión CPA–Ministra de Minería"
Daniela Desormeaux,Vantaz Group / CESCO,Directora de Estudios,4.0,"Chile industria, academia, política",Economista independiente (luego CESCO/Vantaz); Vantaz Group; Vantaz Group / CESCO,Directora Estudios; Economista,CESCO: Potencial y Futuro del Litio; CLAPES UC: ENL ¿Estamos a Tiempo?; Comisión Nacional del Litio (CNL) 2014-2015; VII Foro del Litio 2023
Fernanda Ávila,Gobierno Argentina,Secretaria de Minería,4.0,"Argentina, IEA, LME",Gobierno de Argentina; Secretaría Minería Nación (Arg); Secretaría de Minería Nación; Secretaría de Minería de la Nación (Argentina),"Secretaria (dic 2021 - dic 2023, Fernández); Secretaria de Minería","COFEMIN + Mesa del Litio Argentina (Región Minera del Litio); IEA Critical Minerals Summit 2023; XI Seminario Internacional ""Litio en la Región de Sudamérica""; XII Seminario Internacional ""Litio en la Región de Sudamérica"""
Hernán Cáceres,UCN – Facultad de Ingeniería,Decano,4.0,Chile,UCN – Facultad de Ingeniería; UCN – Lithium I+D+i; UCN – Lithium I+D+i / FICG,Decano; Decano / Director Lithium I+D+i; Director Lithium I+D+i / Decano FICG,"Congreso Futuro 2024 – Antofagasta; Congreso Futuro 2024 – Sede Antofagasta (panel litio); IWLiME 2025 – 12th International Conference on Lithium, Industrial Minerals and Energy; Seminario SQM-AIA-UCN ""Hacia un futuro sustentable: Rol y Estrategias de Chile en el mercado global del Litio"" (Exponor 2024)"
Javier Silva,SQM,VP Sostenibilidad,4.0,"Chile, OECD",SQM; SQM Lithium; SQM Salar de Atacama,Gerente Sostenibilidad; Gte. Sostenibilidad Salar; VP Sostenibilidad,"Conciliación Corfo-SQM (CAM Santiago); OECD Forum Responsible Minerals 2024; Seminario SQM-AIA-UCN ""Hacia un futuro sustentable: Rol y Estrategias de Chile en el mercado global del Litio"" (Exponor 2024); VIII Foro del Litio 2024 (UDD)"
Kerstin Jorna,DG GROW – Comisión Europea,Directora General,4.0,Bélgica,DG GROW – Comisión Europea,Directora General; Directora General Internal Market,EIT RawMaterials Summit 2024 (6ª ed.); Raw Materials Week 2023 (EU); Raw Materials Week 2023 y 2024; Raw Materials Week 2024 (EU)
Luis Lucero,Sec. Minería Argentina,Secretario Nacional,4.0,Argentina,Sec. Minería Argentina; Secretaría de Minería de la Nación; Secretaría de Minería de la Nación (Argentina),Secretario; Secretario Nacional,"18° Seminario ""Argentina Oro, Plata y Cobre""; 18° Seminario ""Argentina Oro, Plata y Cobre"" (Panorama Minero); Arminera 2025 (Mesas del Litio y del Cobre); XIII Litio en Sudamérica"
Rodrigo Alda Varas,Universidad Católica del Norte,Rector,4.0,Chile,UCN; Universidad Católica del Norte; Universidad Católica del Norte (UCN),Rector,"Ciclo ""Diálogos abiertos sobre el litio"" UCN; Congreso Futuro 2024 Antofagasta (panel Litio); Seminario SQM-AIA-UCN ""Hacia un futuro sustentable: Rol y Estrategias de Chile en el mercado global del Litio"" (Exponor 2024); Seminario SQM–AIA–UCN en Exponor 2024"
Álvaro García Hurtado,Ministerio de Economía,"Ministro de Economía (PPD, 1995)",4.0,Chile,"Ministerio Economía/Energía; Ministerio de Economía; Ministerio de Economía/Energía (biministro); Ministerio de Economía/Energía (biministro, desde 2025)","Biministro; Ministro de Economía (PPD, 1995)",CEOL definitivo Maricunga - Codelco-Rio Tinto (12 Feb 2026); Comité Corfo del Litio y Salares; Constitución NovaAndino Litio SpA (Ceremonia Biblioteca Nacional); Contrato Corfo-SQM 1993 y privatización 1995
Alexis Romero,CPA / Comunidad Solor,Presidente CPA,3.0,"Chile, indígena, industria",CPA / Comunidad Solor; Consejo de Pueblos Atacameños (CPA),Presidente; Presidente (posterior); Presidente CPA,"Bloqueo Salar de Atacama – Bloque Sur; Seminario SQM-AIA-UCN ""Hacia un futuro sustentable: Rol y Estrategias de Chile en el mercado global del Litio"" (Exponor 2024); VIII Foro del Litio 2024 (UDD)"
Antonio Marocco,Gobierno de Salta,Vicegobernador,3.0,Argentina,Gobierno de Salta,Vicegobernador,"Argentina Mining 2024; RELiTE – Seminario Gobernanza del Litio; RELiTE – Seminario Internacional sobre Medio Ambiente, Desarrollo Sostenible y Gobernanza del Litio"
Bernd Schäfer,EIT RawMaterials,CEO,3.0,Bélgica,EIT RawMaterials,CEO,EIT RawMaterials Summit 2023; EIT RawMaterials Summit 2024 (6ª ed.); Raw Materials Week 2023 (EU)
Daniel Jiménez,iLiMarkets,Managing Partner,3.0,"Chile, Fastmarkets, Asia",Consultor independiente; iLi Markets; iLiMarkets,Managing Partner; Veterano industria litio,Fastmarkets Asian Battery 2023; Fastmarkets Lithium Supply 2024; VIII Foro del Litio 2024 (UDD)
Eduardo Bitrán Colodro,Corfo,Gerente General Corfo (PPD),3.0,Chile,Corfo,Gerente General Corfo (PPD); VPE Corfo,Conciliación Corfo-SQM (CAM Santiago); Contrato Corfo-Rockwood/Albemarle 2016-2017; Contrato Corfo-SQM 1993 y privatización 1995
Felipe Bulnes Serrano,Bulnes Urrutia y Bustamante,Socio,3.0,Chile,Bulnes Urrutia; Bulnes Urrutia y Bustamante,Socio,Conciliación Corfo-SQM (CAM Santiago); Contrato Corfo-Rockwood/Albemarle 2016-2017; Firma Acuerdo Codelco-SQM – Formalización Asociación
Flavia Royón,Mesa del Litio Argentina,Secretaria Ejecutiva,3.0,Argentina,Mesa del Litio Argentina; Secretaría de Energía de la Nación (Argentina); Secretaría de Minería Nación (luego Sec. Ejecutiva Mesa del Litio),Secretaria Ejecutiva; Secretaria Nación (dic 2023-feb 2024) + Sec. Ejec. Mesa Litio (ago 2024-); Secretaria de Energía,"COFEMIN + Mesa del Litio Argentina (Región Minera del Litio); XII Seminario Internacional ""Litio en la Región de Sudamérica""; XIII Litio en Sudamérica"
Franklin Molina Ortiz,Min. Hidrocarburos Bolivia,Ministro,3.0,Multilateral,Min. Hidrocarburos Bolivia; Min. Hidrocarburos y Energías Bolivia; Ministerio de Hidrocarburos y Energías,Ministro; Ministro (entonces),Audiencia contrato Uranium One – Asamblea Legislativa Plurinacional Bolivia; Foro CEPAL abril 2022; Presentaciones YLB – contrato CBC/CATL (Salar Uyuni Norte)
Gonzalo Gutiérrez,Trabajadores sector litio (luego Asesor Litio Min. Minería),Representante trabajadores,3.0,Chile,Ministerio de Minería; Trabajadores sector litio (luego Asesor Litio Min. Minería),Asesor Litio; Asesor Litio y Salares; Representante trabajadores,Comisión Nacional del Litio (CNL) 2014-2015; Comité Corfo del Litio y Salares; Diálogos ENL regionales (Min. Minería Chile)
Jennifer M. Granholm,U.S. DOE,Secretaria de Energía,3.0,Francia,U.S. DOE; US Department of Energy,Secretaria de Energía,IEA Critical Minerals Summit 2023; IEA Critical Minerals and Clean Energy Summit; SAFE Summit 2024 – Solving the Global Power Puzzle
Jerónimo Verdugo,ENAMI,Sup. Desarrollo Litio,3.0,"Chile gobierno, industria",ENAMI; ENAMI – Empresa Nacional de Minería,Sup. Desarrollo Litio; Superintendente Desarrollo Litio; Superintendente Desarrollo del Litio,"CESCO: Potencial y Futuro del Litio; Firma Primer CEOL ENAMI – Proyecto Salares Altoandinos; Seminario SQM-AIA-UCN ""Hacia un futuro sustentable: Rol y Estrategias de Chile en el mercado global del Litio"" (Exponor 2024)"
Jorge Riesco,SONAMI,Presidente,3.0,"Chile industria, academia, gobierno",SONAMI,Presidente,CESCO: Potencial y Futuro del Litio; U. Antofagasta: Política Nacional Litio; VII Foro del Litio 2023
Jose W. Fernandez,US State Department,"Under Secretary for Economic Growth, Energy, Environment",3.0,Canadá,US State Department,"Under Secretary; Under Secretary for Economic Growth, Energy, Environment","IEA Critical Minerals and Clean Energy Summit; MSP Principals / High-Level Forum (UNGA 2024, Nueva York); MSP Principals Meeting (PDAC 2024, Toronto)"
Luis Arce,Gobierno de Bolivia,Presidente,3.0,Bolivia,Gobierno Bolivia; Gobierno de Bolivia,Presidente; Presidente de la República,3ª Cumbre EU-CELAC; Acuerdo YLB-CBC; Audiencia contrato Uranium One – Asamblea Legislativa Plurinacional Bolivia
Madeleine King,Gobierno de Australia,Ministra de Recursos,3.0,Francia,Gobierno Australia; Gobierno de Australia,Ministra de Recursos,IEA Critical Minerals Summit 2023; IEA Critical Minerals and Clean Energy Summit; IMARC 2024 (International Mining and Resources Conference + Expo)
Mario Grágeda,"CELIMIN, U. Atacama",Director,3.0,"Chile academia, industria","CELIMIN, U. Atacama; CELIMIN, U. de Atacama; Universidad de Antofagasta – CELIMIN",Director; Director CELIMIN,"IWLiME 2025 – 12th International Conference on Lithium, Industrial Minerals and Energy; U. Antofagasta: Política Nacional Litio; VI Foro del Litio 2022"
Maroš Šefčovič,Comisión Europea,Vicepresidente Ejecutivo,3.0,Bélgica,Comisión Europea,Comisario Comercio y Seguridad Económica; Vicepresidente Ejecutivo; Vicepresidente Ejecutivo (Green Deal y Comercio),Raw Materials Week 2023; Raw Materials Week 2023 (EU); Raw Materials Week 2024 (EU)
Pablo Pisani,SQM,Gerente Asuntos Corporativos Nitratos-Yodo,3.0,Chile,Escondida | BHP; SQM,Gerente Asuntos Corporativos División Nitratos-Yodo; Gerente Asuntos Corporativos Nitratos-Yodo; VP Asuntos Corporativos y Comunicaciones,"Conversatorio UCN ""Litio, agricultura y comunidades""; Conversatorio UCN ""Litio, agricultura y comunidades"" (Diplomado Litio); EMRA 2023-2050 – Conversatorio Minería y Futuro"
Ramón Balcázar Morales,Fundación Tantí / OPSAL,Director ejecutivo / Co-coordinador,3.0,Chile,Fundación Tantí / OPSAL,Director Ejecutivo; Director ejecutivo; Director ejecutivo / Co-coordinador,"Foro virtual ""Análisis de la Estrategia Nacional del Litio""; II Encuentro Plurinacional por los Salares y Humedales Andinos; Seminario ""Desafíos de la Transición Justa en el Norte de Chile"""
Ricardo Díaz,Gobierno Regional de Antofagasta,Gobernador Regional,3.0,Chile,Gobierno Regional de Antofagasta,Gobernador Regional,"Ciclo ""Diálogos Abiertos sobre el Litio"" (IPP-UCN + SQM + El Mercurio Antofagasta); Ciclo ""Diálogos abiertos sobre el litio"" UCN; Seminario SQM-AIA-UCN ""Hacia un futuro sustentable: Rol y Estrategias de Chile en el mercado global del Litio"" (Exponor 2024)"
Romain Nadal,Embajada de Francia en Argentina,Embajador,3.0,Argentina,Embajada Francia en Argentina; Embajada de Francia en Argentina,Embajador,"COFEMIN + Mesa del Litio Argentina (Región Minera del Litio); RELiTE – Seminario Gobernanza del Litio; RELiTE – Seminario Internacional sobre Medio Ambiente, Desarrollo Sostenible y Gobernanza del Litio"
Sergio Chamorro,Consejo de Pueblos Atacameños (CPA),Abogado asesor,3.0,Chile,CPA; Consejo de Pueblos Atacameños (CPA),Abogado asesor; Asesor jurídico,Bloqueo Salar de Atacama – Bloque Sur; Reunión CPA – Ministerio de Minería; Reunión CPA–Ministra de Minería
Victoria Flexer,U. Nac. Jujuy / CIDMEJu,"Directora, Inv. CONICET",3.0,Chile,CIDMEJu – CONICET Argentina; CIDMEJu–CONICET Argentina; U. Nac. Jujuy / CIDMEJu,"Directora, Inv. CONICET; Dra. Ciencias Químicas; Investigadora Dra. en Ciencias Químicas",AMTC: Producción Sostenible Litio; Congreso Futuro 2024 – Antofagasta; Congreso Futuro 2024 – Sede Antofagasta (panel litio)
Aisén Etcheverry,Min. Ciencia e Innovación,Ministra,2.0,Chile,"Min. Ciencia e Innovación; Ministerio de Ciencia, Tecnología, Conocimiento e Innovación",Ministra,Diálogos ENL (regiones norte); Lanzamiento ENL – Ruinas de Huanchaca
Aisén Etcheverry / Aldo Valle,"Ministerio de Ciencia, Tecnología, Conocimiento e Innovación",Ministros (Etcheverry hasta 2024 - Valle desde 2024),2.0,Chile,"Ministerio de Ciencia; Ministerio de Ciencia, Tecnología, Conocimiento e Innovación",Ministros (Etcheverry hasta 2024 - Valle desde 2024); Ministros (Etcheverry → Valle),Comité Corfo del Litio y Salares; INLiSa - Instituto Nacional de Litio y Salares
Alberto Bernis,Gobierno de Jujuy,Vicegobernador,2.0,Argentina,Gobierno de Jujuy,Vicegobernador,"RELiTE – Seminario Gobernanza del Litio; RELiTE – Seminario Internacional sobre Medio Ambiente, Desarrollo Sostenible y Gobernanza del Litio"
Alberto van Klaveren Stork,Cancillería,Ministro RREE,2.0,Chile,Cancillería; Ministerio RREE,Canciller; Ministro RREE,CEOL definitivo Maricunga - Codelco-Rio Tinto (12 Feb 2026); Comité Corfo del Litio y Salares
Aldo Valle Acevedo,Ministerio de Ciencia,Ministro Ciencia,2.0,Chile,Ministerio de Ciencia,Ministro; Ministro Ciencia,CEOL definitivo Maricunga - Codelco-Rio Tinto (12 Feb 2026); Firma Primer CEOL ENAMI – Proyecto Salares Altoandinos
Alejandra Cardona,CAEM,Directora Ejecutiva,2.0,Argentina,CAEM,Directora Ejecutiva,Arminera 2025; Arminera 2025 (Mesas del Litio y del Cobre)
Alfonso Pérez,YLB – Yacimientos de Litio Bolivianos,Gerente de Proyectos y Contratos,2.0,Bolivia,YLB – Yacimientos de Litio Bolivianos; Yacimientos de Litio Bolivianos (YLB),Gerente Proyectos y Contratos; Gerente de Proyectos y Contratos,Cumbre Energética Bolivia 2025 (SIB); Cumbre Energética SIB 2025
Amador Sánchez Rico,Delegación UE en Argentina,Embajador UE,2.0,Argentina,Delegación UE en Argentina; Embajada UE en Argentina,Embajador UE,Arminera 2023 (25° aniversario); COFEMIN + Mesa del Litio Argentina (Región Minera del Litio)
Andreé Henríquez,CircularTec,Director Ejecutivo,2.0,Chile,CircularTec; CircularTec (Centro Tecnológico de Economía Circular),Director Ejecutivo,ENL Quo Vadis – Conversatorio; Senado: ENL Quo Vadis
Annie Dufey,Espacio Público,Directora,2.0,Chile,Espacio Público; Ministerio de Energía,Asesora; Directora,Comisión Nacional del Litio (CNL) 2014-2015; Espacio Público: Gobernanza Salares
Benjamin Gallezot,Min. Energía Francia,Délégué Interministériel minerais stratégiques,2.0,Francia,Min. Energía Francia,Délégué Interministériel; Délégué Interministériel minerais stratégiques,EIT RawMaterials Summit 2024 (6ª ed.); OECD Forum on Responsible Mineral Supply Chains 2024 (17ª ed.)
Camilo Lagos Miranda,Apoyo técnico CNL (reaparece como reclamante CGR 2025),Staff técnico,2.0,Chile,Apoyo técnico CNL (reaparece como reclamante CGR 2025); Cámara de Diputados,Diputado (reclamante CGR); Staff técnico,Comisión Nacional del Litio (CNL) 2014-2015; Contraloría Toma Razón Contratos Corfo-SQM-Codelco
Carlos Cuburu,Sec. Minería Argentina,Subsec. Política Minera,2.0,Argentina,Sec. Minería Argentina; Secretaría de Minería de la Nación,Subsec. Política Minera; Subsecretario de Políticas Mineras,5° Lithium Latin America Congress; Argentina Mining 2024
Carlos Díaz,SQM,Vicepresidente Litio,2.0,Chile,NovaAndino Litio SpA; SQM,"Gerente General (ex VP Litio SQM, 12 años); Vicepresidente Litio","Ciclo ""Diálogos abiertos sobre el litio"" UCN; Constitución NovaAndino Litio SpA (Ceremonia Biblioteca Nacional)"
Carlos Ramos Mamani,YLB,Presidente Ejecutivo,2.0,"Bolivia, CEPAL",YLB; YLB (hasta nov 2023),Presidente Ejecutivo; Presidente YLB anterior,"Audiencia contrato Uranium One – Asamblea Legislativa Plurinacional Bolivia; CEPAL, inauguraciones YLB"
Catalina Pasache,GIZ,Asesora Medio Ambiente,2.0,Chile,GIZ,Asesora Medio Ambiente; Environment Advisor / Secretaría Técnica,Mesa Multiactor del Salar de Atacama; VIII Foro del Litio 2024 (UDD)
Claudia Cabezas Aramayo,Asociación Atacameña de Regantes y Agricultores del Río Vilama,Presidenta,2.0,Chile,Asociación Atacameña de Regantes y Agricultores del Río Vilama,Presidenta,"Conversatorio UCN ""Litio, agricultura y comunidades""; Conversatorio UCN ""Litio, agricultura y comunidades"" (Diplomado Litio)"
Claudia Núñez,UCN,Dra. Química,2.0,Chile,UCN; UCN / Match Sens,Académica / CEO; Dra. Química,Congreso Futuro 2024 – Antofagasta; Congreso Futuro 2024 – Sede Antofagasta (panel litio)
Cristián Quinzio,Abogado independiente,Especialista minería,2.0,"Chile academia, industria",Abogado independiente / Consejero Codelco; Académico/Abogado,Especialista; Especialista en minería,Comisión Nacional del Litio (CNL) 2014-2015; Voces Mineras: Litio Chile
Dale Henderson,Pilbara Minerals,MD & CEO,2.0,"Fastmarkets, Diggers, Asia",Pilbara Minerals,MD & CEO; Managing Director & CEO,Diggers & Dealers 2023; Fastmarkets Lithium Supply 2024
Daniel Galli,SMG / ASINOA / UNJu,Director gerente,2.0,Argentina,SMG / ASINOA / UNJu,Director gerente; Director gerente / Dr. Ciencias Químicas,"Ciclo ""Hablemos de lo que viene"" (ed. 2025); Ciclo ""Hablemos de lo que viene"" – Minería y Transición Energética"
Ditte Juul Jørgensen,DG Energy – Comisión Europea,Directora General,2.0,EEUU,DG Energy – Comisión Europea,Directora General,Panel ONU Minerales Críticos (CETM); Panel ONU Minerales Críticos de Transición Energética (CETM)
Enrique Urrutia,Bulnes Urrutia y Bustamante,Socio,2.0,Chile,Bulnes Urrutia; Bulnes Urrutia y Bustamante,Socio,Conciliación Corfo-SQM (CAM Santiago); Firma Acuerdo Codelco-SQM – Formalización Asociación
Ezequiel Gorbarán,Messe Frankfurt Argentina,Gerente de Proyecto,2.0,Argentina,Messe Frankfurt Argentina,Gerente de Proyecto,Arminera 2025; Arminera 2025 (Mesas del Litio y del Cobre)
Fatih Birol,IEA,Director Ejecutivo,2.0,Multilateral global,IEA; International Energy Agency (IEA),Director Ejecutivo; Executive Director,IEA Critical Minerals Summit 2023; IEA Critical Minerals and Clean Energy Summit
Felipe Larraín,CLAPES UC,Director,2.0,Chile,CLAPES UC; Claro y Cía.,Director; Socio,CLAPES UC: ENL ¿Estamos a Tiempo?; Firma Acuerdo Codelco-SQM – Formalización Asociación
Franco Mignacco,CAEM – Cámara Argentina Empresarios Mineros,Presidente (entonces),2.0,Argentina,CAEM – Cámara Argentina Empresarios Mineros; Minera Exar,Ex presidente CAEM (2021-2023); Presidente (entonces),"COFEMIN + Mesa del Litio Argentina (Región Minera del Litio); XII Seminario Internacional ""Litio en la Región de Sudamérica"""
Gabriel Boric,Gobierno de Chile,Presidente de la República,2.0,Chile,Gobierno de Chile,Presidente; Presidente de la República,3ª Cumbre EU-CELAC; Bloqueo Salar de Atacama – Bloque Sur
Gerardo Morales,Gobierno de Jujuy,Gobernador,2.0,Argentina,Gobierno de Jujuy,Gobernador,"XI Seminario Internacional ""Litio en la Región de Sudamérica""; XII Seminario Internacional ""Litio en la Región de Sudamérica"""
Gonzalo Aguirre Toro,SQM,Fiscal / apoderado,2.0,Chile,SQM,Fiscal; Fiscal / apoderado,Conciliación Corfo-SQM (CAM Santiago); Firma Acuerdo Codelco-SQM – Formalización Asociación
Gonzalo Mondaca,CEDIB,Investigador,2.0,Bolivia,CEDIB,Investigador,Audiencia contrato Uranium One – Asamblea Legislativa Plurinacional Bolivia; II Encuentro Plurinacional por los Salares y Humedales Andinos
Hernán Uribe Gabler,SQM,Gte. Negocios (luego director NovaAndino),2.0,Chile,NovaAndino Litio SpA (por SQM); SQM,Director; Gte. Negocios (luego director NovaAndino),Constitución NovaAndino Litio SpA (Ceremonia Biblioteca Nacional); Firma Acuerdo Codelco-SQM – Formalización Asociación
Héctor Cruz,Comunidad Atacameña de Camar,Presidente,2.0,Chile,Comunidad Atacameña de Camar; Comunidad de Camar,Presidente,Bloqueo Salar de Atacama – Bloque Sur; VI Foro del Litio 2022
Héctor García Mamani,Agricultores del Río Vilama,Representante,2.0,Chile,Agricultores del Río Vilama,Representante,"Conversatorio UCN ""Litio, agricultura y comunidades""; Conversatorio UCN ""Litio, agricultura y comunidades"" (Diplomado Litio)"
Ignacio Mehech,Albemarle Chile,VP Asuntos Externos,2.0,Chile,Albemarle; Albemarle Chile,VP Asuntos Externos; VP Asuntos Externos LatAm,"Anexo Corfo-Albemarle 2024 (cierre arbitraje ICC); Seminario SQM-AIA-UCN ""Hacia un futuro sustentable: Rol y Estrategias de Chile en el mercado global del Litio"" (Exponor 2024)"
Iván Weissman,Diario El Mostrador,Editor Economía,2.0,Chile,Diario El Mostrador; El Mostrador,Editor Economía; Editor de Economía,ENL Quo Vadis – Conversatorio; Senado: ENL Quo Vadis
Jan Moström,LKAB (Suecia),President & CEO,2.0,Bélgica,LKAB; LKAB (Suecia),CEO; President & CEO,EIT RawMaterials Summit 2023; Raw Materials Week 2023 (EU)
Joe Lowry,Global Lithium LLC,Fundador,2.0,"Argentina, global","Global Lithium LLC; Global Lithium LLC (""Mr. Lithium"")",Consultor internacional; Fundador ('Mr. Lithium'),"XII Seminario Internacional ""Litio en la Región de Sudamérica""; XIII Litio en Sudamérica"
Jonathan Price,Teck Resources,CEO,2.0,Arabia Saudita,Teck Resources,CEO; President & CEO,Future Minerals Forum 2024 (3ª ed.); SAFE Summit 2024 – Solving the Global Power Puzzle
Jorge Cantallopts,CESCO,Director Ejecutivo,2.0,"Chile industria, think tank",CESCO,Director Ejecutivo,CESCO: Potencial y Futuro del Litio; Espacio Público: Gobernanza Salares
José García Ruminot,Senado de Chile,Presidente del Senado,2.0,Chile,Senado de Chile,Presidente del Senado,ENL Quo Vadis – Conversatorio; Senado: ENL Quo Vadis
José de Castro Alem,Cámara Minera de Salta / UCASAL,Vicepresidente / Director Académico,2.0,Argentina,Cámara Minera de Salta / UCASAL,Vicepresidente / Director Académico,"Ciclo ""Hablemos de lo que viene"" (ed. 2025); Ciclo ""Hablemos de lo que viene"" – Minería y Transición Energética"
Jozef Síkela,Comisión Europea,Comisario,2.0,Bélgica,Comisión Europea,Comisario; Comisario Asociaciones Internacionales,Raw Materials Week 2024; Raw Materials Week 2024 (EU)
Juan Luis Castro,Senado de Chile,Pres. Comisión Minería,2.0,Chile,Senado de Chile; Senado de Chile - Comisión de Minería y Energía,Pres. Comisión Minería; Presidente Comisión,ENL Quo Vadis – Conversatorio; Senado: ENL Quo Vadis
Juan Luis Dammert,NRGI – Natural Resource Governance Institute,Experto América Latina,2.0,Francia,NRGI; NRGI – Natural Resource Governance Institute,Experto América Latina,Side-event NRGI-BHRRC-RAID sobre corrupción en cadenas CETM; Side-event NRGI–BHRRC–RAID (OECD Forum)
Julio Ponce Lerou,Pampa Calichera / SQM (controlador),Controlador histórico,2.0,Chile,"Pampa Calichera / SQM (controlador); SQM (Pampa Calichera, controlador)",Controlador histórico,Anuncio Acuerdo Codelco-SQM (Salar de Atacama); Contrato Corfo-SQM 1993 y privatización 1995
Justo Zuleta,Municipalidad de San Pedro de Atacama,Alcalde,2.0,Chile,Municipalidad San Pedro de Atacama; Municipalidad de San Pedro de Atacama,Alcalde; Alcalde (FRVS),"Ciclo ""Diálogos Abiertos sobre el Litio"" (IPP-UCN + SQM + El Mercurio Antofagasta); Ciclo ""Diálogos abiertos sobre el litio"" UCN"
Kang Insun,Min. Exteriores Corea del Sur,Vice-ministra 2ª,2.0,EEUU,Min. Exteriores Corea del Sur; Min. Relaciones Exteriores Corea del Sur,Vice-Canciller 2ª; Vice-ministra 2ª,"MSP Principals / High-Level Forum (UNGA 2024, Nueva York); MSP Principals/Forum (UNGA 2024)"
Luis Felipe Céspedes,Ministerio de Economía,Ministro de Economía,2.0,Chile,Ministerio de Economía,Ministro de Economía; Ministro de Economía (preside Consejo Corfo),Comisión Nacional del Litio (CNL) 2014-2015; Contrato Corfo-Rockwood/Albemarle 2016-2017
Maisa Rojas Corradi,Ministerio del Medio Ambiente,Ministra,2.0,Chile,Ministerio del Medio Ambiente,Ministra,Comité Corfo del Litio y Salares; Firma Primer CEOL ENAMI – Proyecto Salares Altoandinos
Manuel Benítez,Cámara Argentina de Proveedores Mineros,Presidente,2.0,Argentina,Cámara Argentina de Proveedores Mineros,Presidente,"18° Seminario ""Argentina Oro, Plata y Cobre"" (Panorama Minero); Ciclo ""Hablemos de lo que viene"" (ed. 2025)"
Marcela Hernando,Gobierno entrante,Futura Ministra de Minería,2.0,Chile,Gobierno entrante; Ministerio de Minería,Futura Ministra de Minería; Ministra de Minería,Lanzamiento ENL – Ruinas de Huanchaca; Voces Mineras: Litio Chile
Marcelo Drago,Independiente,Ex-Pres. Consejo Transparencia,2.0,Chile,Abogado / Consejo para la Transparencia (ex-presidente); Independiente,Ex-Pres. Consejo Transparencia; Expresidente,ENL Quo Vadis – Conversatorio; Senado: ENL Quo Vadis
Marco Moreno,U. Central de Chile,Académico,2.0,Chile,U. Central de Chile; Universidad Central de Chile,Académico,ENL Quo Vadis – Conversatorio; Senado: ENL Quo Vadis
Mario Marcel,Ministerio de Hacienda,Ministro de Hacienda,2.0,Chile,Ministerio de Hacienda,Ministro; Ministro de Hacienda,Anuncio Acuerdo Codelco-SQM (Salar de Atacama); Lanzamiento ENL – Ruinas de Huanchaca
María Gabriela Molina,GIZ,Team Leader Mesa Multiactor,2.0,Chile,GIZ; GIZ – Cooperación Alemana,Team Leader Mesa Multiactor,Mesa Multiactor Salar de Atacama; Mesa Multiactor del Salar de Atacama
Matthew Chamberlain,London Metal Exchange (LME),CEO,2.0,Francia,London Metal Exchange (LME),CEO,IEA Critical Minerals and Clean Energy Summit; OECD Forum on Responsible Mineral Supply Chains 2024 (17ª ed.)
Matías Desmadryl,PPU,"Socio, ex-Director DGA",2.0,"Chile industria, legal",PPU,"Socio, ex-Director DGA",CESCO: Potencial y Futuro del Litio; VII Foro del Litio 2023
Michael Schmidt,DERA / BGR Alemania,Experto mercado litio,2.0,Chile,DERA / BGR Alemania,Experto mercado litio,"Ciclo ""Diálogos abiertos sobre el litio"" UCN; EIT RawMaterials Summit 2024 (6ª ed.)"
Miguel Soler,COFEMIN / Sec. Minería e Hidrocarburos Jujuy,Presidente COFEMIN,2.0,Argentina,COFEMIN / Sec. Minería e Hidrocarburos Jujuy; Gobierno de Jujuy,Presidente COFEMIN; Secretario de Minería e Hidrocarburos (hasta ene 2026),"COFEMIN + Mesa del Litio Argentina (Región Minera del Litio); XII Seminario Internacional ""Litio en la Región de Sudamérica"""
Mikael Staffas,Boliden (Suecia),President & CEO,2.0,Bélgica,Boliden; Boliden (Suecia),President & CEO,Future Minerals Forum 2024 (3ª ed.); Raw Materials Week 2023 (EU)
Nicolás Grau,"Ministerio de Economía, Fomento y Turismo",Ministro de Economía,2.0,Chile,"Ministerio de Economía, Fomento y Turismo",Ministro; Ministro de Economía,Contraloría Toma Razón Contratos Corfo-SQM-Codelco; Lanzamiento ENL – Ruinas de Huanchaca
Nicolás Grau Veloso,Ministerio de Economía (hasta 2025) → Ministerio de Hacienda (desde 2025),Ministro,2.0,Chile,Ministerio de Economía (hasta 2025) → Ministerio de Hacienda (desde 2025); Ministerio de Hacienda,Ministro; Ministro (nuevo desde 2025),Comité Corfo del Litio y Salares; Constitución NovaAndino Litio SpA (Ceremonia Biblioteca Nacional)
Nicolás Luco Illanes,Claro y Cía.,Socio patrocinante,2.0,Chile,Claro y Cía.,Socio; Socio patrocinante,Conciliación Corfo-SQM (CAM Santiago); Firma Acuerdo Codelco-SQM – Formalización Asociación
Nisha Biswal,US International Development Finance Corp. (DFC),Deputy CEO,2.0,EEUU,US International Development Finance Corp (DFC); US International Development Finance Corp. (DFC),Deputy CEO,SAFE Summit 2024; SAFE Summit 2024 – Solving the Global Power Puzzle
Nozipho Joyce Mxakato-Diseko,Gobierno de Sudáfrica,Embajadora,2.0,EEUU,Gobierno de Sudáfrica,Embajadora,Panel ONU Minerales Críticos (CETM); Panel ONU Minerales Críticos de Transición Energética (CETM)
Omar Alarcón,YLB,Presidente YLB,2.0,Bolivia,YLB,Presidente YLB,Audiencia contrato Uranium One – Asamblea Legislativa Plurinacional Bolivia; Presentaciones YLB – contrato CBC/CATL (Salar Uyuni Norte)
Osvaldo Yáñez,SQM,Gerente Innovación y Desarrollo,2.0,Chile,SQM; SQM Litio,Gerente Innovación; Gerente Innovación y Desarrollo,"Seminario SQM-AIA-UCN ""Hacia un futuro sustentable: Rol y Estrategias de Chile en el mercado global del Litio"" (Exponor 2024); VIII Foro del Litio 2024 (UDD)"
Pablo Rojas,Gobierno Regional de Antofagasta,Jefe División Planificación Regional,2.0,Chile,Gobierno Regional de Antofagasta,Jefe División Planificación Regional,"Conversatorio UCN ""Litio, agricultura y comunidades""; Conversatorio UCN ""Litio, agricultura y comunidades"" (Diplomado Litio)"
Patricio de Solminihac Tampier,SQM,Directorio transición,2.0,Chile,SQM,Directorio transición; Gerente General SQM,Conciliación Corfo-SQM (CAM Santiago); Contrato Corfo-SQM 1993 y privatización 1995
Ramón Morales Balcázar,Fundación Tantí / OPSAL,Director fundador,2.0,Chile,Fundación Tantí / OPSAL,Director fundador,"Foro virtual ""Análisis de la Estrategia Nacional del Litio""; II Encuentro Plurinacional por Salares y Humedales Andinos"
Rebeca Grynspan,UNCTAD,Secretaria General,2.0,Suiza,UNCTAD,Secretaria General,Foro Mundial de Commodities UNCTAD 2024; UNCTAD Global Commodities Forum 2024
Reta Jo Lewis,EXIM Bank USA,Chair,2.0,EEUU,EXIM Bank USA,Chair,SAFE Summit 2024; SAFE Summit 2024 – Solving the Global Power Puzzle
Ricardo Díaz Cortés,Gobierno Regional de Antofagasta,Gobernador Regional,2.0,Chile,Gobierno Regional de Antofagasta,Gobernador; Gobernador Regional,Diálogos ENL regionales (Min. Minería Chile); EMRA 2023-2050 – Conversatorio Minería y Futuro
Roberto Salvarezza,Y-TEC / YPF Litio,Presidente,2.0,"Argentina, CEPAL, Bolivia",Y-TEC / YPF Litio; YPF Litio / Y-TEC,Presidente,"Foros CEPAL litio; XII Seminario Internacional ""Litio en la Región de Sudamérica"""
Robinson Galleguillos Morel,Comunidad de San Francisco de Chiu-Chiu,Presidente,2.0,Chile,Comunidad Atacameña San Francisco de Chiu-Chiu; Comunidad de San Francisco de Chiu-Chiu,Presidente,"Seminario ""Desafíos de la Transición Justa en el Norte de Chile""; Seminario ""Desafíos de la Transición Justa en el Norte de Chile"" – Fundación Tantí"
Rodrigo Illanes,Delegación Presidencial Atacama,Delegado Presidencial,2.0,Chile,Delegación Presidencial Atacama,Delegado Presidencial,CEOL definitivo Maricunga - Codelco-Rio Tinto (12 Feb 2026); Firma Primer CEOL ENAMI – Proyecto Salares Altoandinos
Rodrigo Ochagavía Ruiz-Tagle,Claro y Cía.,Socio líder,2.0,Chile,Claro y Cía.,Socio líder,Conciliación Corfo-SQM (CAM Santiago); Firma Acuerdo Codelco-SQM – Formalización Asociación
Roland Chavasse,ILiA,Secretary General,2.0,"Mining Indaba, Argentina, Chile",ILiA,Secretary General,Mining Indaba 2024; XIV Litio en Sudamérica
Rosa Ramos,Asociación Empresarial Turismo Indígena Atacameña-Lickanantay,Presidenta,2.0,Chile,Asociación Empresarial Turismo Indígena Atacameña-Lickanantay; Asociación Empresarial de Turismo Indígena Atacameña-Lickanantay,Presidenta,"Conversatorio UCN ""Litio, agricultura y comunidades""; Conversatorio UCN ""Litio, agricultura y comunidades"" (Diplomado Litio)"
Rubén Dusso,Gobierno de Catamarca,Vicegobernador,2.0,Argentina,Gobierno de Catamarca,Vicegobernador,"RELiTE – Seminario Gobernanza del Litio; RELiTE – Seminario Internacional sobre Medio Ambiente, Desarrollo Sostenible y Gobernanza del Litio"
Rudecindo Espíndola,Comunidad Lickan Antay Toconao / OPSAL,Agricultor / investigador,2.0,Chile,Comunidad Lickan Antay Toconao; Comunidad Lickan Antay Toconao / OPSAL,Agricultor / investigador,"Foro virtual ""Análisis de la Estrategia Nacional del Litio""; II Encuentro Plurinacional por los Salares y Humedales Andinos"
Santiago González,U. Central,"Rector, ex-Ministro de Minería",2.0,Chile,U. Central; Universidad Central de Chile,"Rector (exministro de Minería); Rector, ex-Ministro de Minería",ENL Quo Vadis – Conversatorio; Senado: ENL Quo Vadis
Soledad Jeria,Rio Tinto Chile,Country Head,2.0,Chile,Rio Tinto Chile,Country Head; Country Head Chile,Firma Primer CEOL ENAMI – Proyecto Salares Altoandinos; Firma primer CEOL (ENAMI–Rio Tinto)
Stéphane Séjourné,Comisión Europea,Vicepresidente Ejecutivo,2.0,Bélgica,Comisión Europea,Vicepresidente Ejecutivo; Vicepresidente Ejecutivo (Prosperidad y Estrategia Industrial),Raw Materials Week 2024; Raw Materials Week 2024 (EU)
Suneeta Kaimal,NRGI,President & CEO,2.0,Francia,NRGI; NRGI – Natural Resource Governance Institute,President & CEO; Presidenta y CEO,IEA Critical Minerals Summit 2023; Panel ONU Minerales Críticos (CETM)
Thierry Breton,Comisión Europea,Comisario Mercado Interno,2.0,Bélgica,Comisión Europea,Comisario Mercado Interno,Raw Materials Week 2023; Raw Materials Week 2023 (EU)
Willy Kracht,U. Chile / Min. Minería,Ex-Subsecretario,2.0,"Chile gobierno, CEPAL, academia",Ministerio de Minería; U. de Chile,Director Dpto. Ing. de Minas; Subsecretario,VI Foro del Litio 2022; Voces Mineras: Litio Chile
Jeannette Sánchez,CEPAL,Dir. Div. Recursos Naturales,1.0,"Multilateral, Latam",CEPAL,Dir. Div. Recursos Naturales,Foros CEPAL litio
Simon Moores,Benchmark Minerals,CEO,1.0,"Global (EEUU, Europa, Asia)",Benchmark Minerals Intelligence,CEO,Benchmark Week 2024
