seccion,Nombre,Cargo,Institución,Gobierno,Rol en Litio,Período,Cruces/Multiafiliación,Notas Manuales
MINISTERIO DE MINERÍA,Aurora Williams Baussa,Ministra de Minería,,Boric,Preside Consejo Estratégico Comité Litio; lideró firma CEOLs Salares Altoandinos y Maricunga; implementación ENL; acuerdo Codelco-SQM,2023-2026,Ministra Minería + ex Grupo Luksic,"Ex ministra gob. Bachelet II (2015-2017). Presidió Comisión Nacional del Litio 2014-2015. PUERTA GIRATORIA: antes de 2023, gerenta ATI (65% Luksic), ejecutiva FCAB (30% Luksic), gerenta Aguas Antofagasta (99% Luksic). Militante Partido Radical, origen Antofagasta. Cartera inversión minera >US$104.000M. CRUCE ONG: Participó EMRA 2023-2050 con comunidades y mineras."
MINISTERIO DE MINERÍA,Marcela Hernando Pérez,Ministra de Minería (anterior),,Boric,Diseño inicial ENL; primeras fases diálogo comunidades,2022-2023,,Fue diputada por Antofagasta 2 períodos (2014-2022) ANTES de ser ministra. Removida ago. 2023 junto a Kracht por conflictos internos sobre fundición Nueva Paipote y retrasos ENL. Militante Partido Radical. CRUCE ACADEMIA: Médica cirujana U. Chile.
MINISTERIO DE MINERÍA,Suina Chahuán Kim,Subsecretaria de Minería,,Boric,Coordinación operativa ENL; lideró 11+ cierres consulta indígena CEOL; representación Chile en IMARC 2025,2023-2026,,"Abogada U. Chile, diplomados Derecho Público Económico y Políticas Sociales. Ex jefa gabinete Min. Economía (con Grau), ex asesora legislativa Giorgio Jackson (2019-2022), ex funcionaria UAF Min. Hacienda, ex abogada FS Abogados. Independiente FA. Lideró personalmente cierre de 11+ consultas indígenas CEOL con 80+ acuerdos con comunidades atacameñas, Colla, Quechua y Aymara. Representó Chile en IMARC 2025 (Australia) y China Mining Conference 2025. Asesorías >$950M para consultas indígenas litio. CRUCE COMUNIDADES: 80+ acuerdos con comunidades indígenas."
MINISTERIO DE MINERÍA,Willy Kracht Gajardo,Ex Subsecretario de Minería,,Boric,Coordinador equipo minero; promovió mayor participación estatal,2022-2023,Ex Subsec. Minería → Dir. Centro Energía FCFM UChile (no CEN),"Removido con Hernando ago. 2023. Acusado de interferir en ENAMI. Ing. civil químico U. Chile, FA. Pieza técnica central en redacción ENL 2022-2023. CRUCE ACADEMIA: Director Centro Energía FCFM U. Chile."
MINISTERIO DE MINERÍA,Gonzalo Gutiérrez Gallardo,Asesor litio Min. Minería,,Boric,Asesor litio Min. Minería; diseño e implementación ENL; miembro Comisión Nacional Litio 2014-2015 (representante CUT); coordinador Red Litio y Salares U. Chile; ex presidente CChEN,2022-2026,[Cruce: Estado-Academia],"Doctor en Física, académico FCFM U. Chile. Recibe empresas mineras vía Ley del Lobby. Ex presidente CChEN. Participó en ambas instancias de diseño ENL (2014-15 y 2022-23). CRUCE ACADEMIA: Coord. Red Litio y Salares U. Chile. CRUCE ESTADO-ESTADO: CChEN→MinMinería."
MINISTERIO DE MINERÍA,Simón Accorsi,"Jefe Unidad de Litio y Salares, Min. Minería",,Boric,Coordinación operativa ENL; presentaciones regionales avances; articulación con GORE Antofagasta y Atacama,2024-2026,,"Economista, profesor asistente Fac. Derecho U. Chile. Ex Dir. Estudios SUBREI (recibió ejecutivos Tesla 2023). Autor en CIPER Chile. Jefe Unidad Litio y Salares Min. Minería: coordinación operativa ENL, presentaciones regionales, articulación GORE. CRUCE ACADEMIA: Profesor U. Chile. CRUCE EMPRESA: Recibe empresas vía Ley del Lobby (Tesla, Rio Tinto, etc.)."
MINISTERIO DE MINERÍA,Eduardo Torres,SEREMI Minería Antofagasta,,Boric,Profesional regional SEREMI Minería Antofagasta,2020-2026,,
MINISTERIO DE MINERÍA,Juan Carlos Peña,SEREMI Minería Atacama,,Boric,"Condujo consultas indígenas CEOL en Atacama; 7 acuerdos con comunidades Colla (Maricunga, Agua Amarga, Laguna Verde)",2024-2026,,"+30 años en sector minero, pasos por Codelco-Salvador y Chuquicamata. |  CRUCES: Seremi Minería Atacama. Nodo articulación consultas indígenas CEOL Salar Atacama/Maricunga. +30 años sector minero."
MINISTERIO DE MINERÍA,Rodrigo Illanes,Delegado Presidencial Región Atacama,,Boric,Representó al gobierno en firma 2do CEOL Maricunga (feb. 2026); articulación servicios públicos región Atacama,2024-2026,,NUEVO: Participó firma CEOL Maricunga en La Moneda junto a ministros. Delegado presidencial = representante directo de Presidencia en la región.
OTROS MINISTERIOS VINCULADOS A ENL,Aisén Etcheverry Escudero,Ministra de Ciencias (anterior),,Boric,Impulsó INLiSa; adjudicó $6.000M en estudios litio/salares,2022-jul 2025,,Luego Jefa Planificación Estratégica gabinete. Cercana a RD. Lideró lanzamiento INLiSa ene. 2025 en Antofagasta.
OTROS MINISTERIOS VINCULADOS A ENL,Aldo Valle Acevedo,Ministro de Ciencias,,Boric,Sucesor Etcheverry; Red de Investigadores litio; Consejo Estratégico; firma CEOL,jul 2025-2026,,Ex rector U. Valparaíso (3 períodos). Ex vicepdte. Consejo Constitucional. PS. Firmó 2do CEOL Maricunga feb. 2026.
OTROS MINISTERIOS VINCULADOS A ENL,Diego Pardow Lorenzo,Ministro de Energía (anterior),,Boric,Transición energética; Consejo Estratégico Comité Litio,2022-oct 2025,,"Renunció 16 oct 2025 por error metodológico cálculo tarifas: CNE aplicó ajuste inflacionario dos veces, generando sobrecobros ~US$100M. CRUCE ACADEMIA: Profesor Derecho U. Chile."
OTROS MINISTERIOS VINCULADOS A ENL,Álvaro García,Biministro Economía (ago 2025) y Energía (oct 2025),,Boric,Respaldó aprobación Contraloría; empujó cierre alianza Codelco-SQM antes 2026,ago-oct 2025-2026,,"PUERTA GIRATORIA SEVERA: En 1995 como ministro SEGPRES facilitó venta último 25% CORFO en SQM a Ponce Lerou por ~US$7M. Involucrado en escándalo Inverlink. Luego embajador. Después presidente ejecutivo Alianza Valor Minero (lobby minero financiado por Consejo Minero, incluye Antofagasta Minerals/Luksic y SQM). CRUCE EMPRESA: Trayectoria privatización SQM→lobby minero→biministro litio. CRUCE ONG: Presidente Valor Minero."
OTROS MINISTERIOS VINCULADOS A ENL,Nicolás Grau Veloso,Ministro de Economía (2022-2025) → Ministro de Hacienda (ago 2025-2026),,Boric,Consejo Estratégico; financiamiento INLiSa; aspira duplicar producción litio en 10 años,2025-2026,,"Fue primero Min. Economía (mar 2022–ago 2025), luego pasó a Hacienda reemplazando a Marcel. Ex presidente FECH. CRUCE ACADEMIA: Académico FEN U. Chile."
OTROS MINISTERIOS VINCULADOS A ENL,Mario Marcel Cullell,Ministro de Hacienda (anterior),,Boric,Aspectos fiscales ENL; financiamiento Codelco/ENAMI; Estado Hacienda Pública: Chile 34% producción mundial,2022-2025,,Ex presidente Banco Central.
OTROS MINISTERIOS VINCULADOS A ENL,Maisa Rojas Corradi,Ministra Medio Ambiente,,Boric,Red de Salares Protegidos: 510.000+ hectáreas propuestas; criterios protección salares,2022-2026,,"Climatóloga, autora informes IPCC. Equilibrio conservación/producción."
OTROS MINISTERIOS VINCULADOS A ENL,Giorgio Boccardo Bosoni,Ministro del Trabajo (abr 2025-2026); antes Subsecretario (2022-2025),,Boric,Co-firmó MOU ChileValora; perfiles ocupacionales litio para 1.300-1.500 trabajadores,2022-2026,,"Sociólogo y académico U. Chile. Subsecretario del Trabajo 2022-abr 2025, luego ministro. CRUCE ACADEMIA: Académico U. Chile."
OTROS MINISTERIOS VINCULADOS A ENL,Francisco Figueroa,Ministro Bienes Nacionales,,Boric,Concesiones terrenos fiscales para CEOLs; Plan Tierras Lickanantay,2022-2026,,Militante FA. Coordinación clave con Min. Minería para habilitación terrenos.
OTROS MINISTERIOS VINCULADOS A ENL,Alberto van Klaveren Stork,Ministro de Relaciones Exteriores,,Boric,"Miembro Comité del Litio y Salares; dimensión internacional ENL; firmó 2do CEOL Maricunga; relaciones con socios internacionales (Rio Tinto, BYD)",2022-2026,,"NUEVO: Participó en firma CEOL Maricunga feb. 2026. Dimensión diplomática de la ENL: relaciones con potencias consumidoras (China, UE, EE.UU.). CRUCE ACADEMIA: Académico U. Chile."
OTROS MINISTERIOS VINCULADOS A ENL,Maximiliano Proaño,Ministro de Medio Ambiente (s),,Boric,Subrogante MMA; participó firma 2do CEOL Maricunga feb. 2026,2026,,NUEVO: Subrogante ministra Rojas en firma CEOL Maricunga.
OTROS MINISTERIOS VINCULADOS A ENL,Sandra Álvarez Torres,"Ministra Presidenta (S), Primer Tribunal Ambiental",,Boric,Votó contra conciliación Monturaqui; argumentó recuperación acuífero hasta año 2200,2024-2026,,Abogada PUC. Tribunal con competencia Antofagasta = epicentro litio.
OTROS MINISTERIOS VINCULADOS A ENL,Natalia Fierro Vásquez,"Asesora en Ciencias, Primer Tribunal Ambiental",,Boric,Asesoría científica en casos litio,2024-2026,,
OTROS MINISTERIOS VINCULADOS A ENL,Valentina Pineda,"Geógrafa MMA, Red de Salares Protegidos",,Boric,Implementación Red de Salares Protegidos; 510.000 nuevas hectáreas propuestas,2024-2026,,
CODELCO — DIRECTORIO,Máximo Pacheco Matte,Presidente Directorio Codelco; Presidente NovaAndino,,Boric,Lideró negociaciones SQM; presidente NovaAndino con voto dirimente en materias estratégicas,2022-2026,,"MÚLTIPLES CRUCES EMPRESARIALES: Director Banco de Chile (Luksic), ex dir. Lucchetti, ex dir. Falabella (Solari), ex dir. AFP Provida (BBVA), VP Carter Holt Harvey (socio Angelini en COPEC). Parentesco Grupo Matte (Bernardo Matte tío tercer grado). Patrimonio ~US$20M (2014). Concentra poder sobre ~40% producción mundial litio. CRUCE EMPRESA: Luksic, Matte, Solari, Angelini simultáneamente. CRUCE ACADEMIA: Ing. comercial U. Chile, MBA Wharton."
CODELCO — DIRECTORIO,Alejandra Wood Huidobro,Directora Codelco,,Boric,Preside Comité de Sustentabilidad; políticas ambientales/sociales litio,2022-2026,,PUERTA GIRATORIA: ~20 años en BHP/Escondida (comunicaciones y asuntos externos). Luego Dir. Ejecutiva CESCO (think tank minero). Dir. Ejecutiva Centro Gobierno Corporativo UC. CRUCE EMPRESA: BHP→CESCO→Codelco. CRUCE ACADEMIA: Centro Gobierno Corporativo PUC.
CODELCO — DIRECTORIO,Eduardo Bitrán Colodro,Director Codelco,,Boric,Ex VPE Corfo (firmó contratos litio SQM/Albemarle 2018); ahora en directorio que se asoció con SQM,2023-2026,[Cruce: Estado-Empresa-Academia],Triple cruce paradigmático: CORFO→Codelco. Ing. civil industrial U. Chile. Ex Min. OOPP.
CODELCO — DIRECTORIO,Alfredo Moreno Charme,Director Codelco; Director NovaAndino,,Boric,Designado mayo 2025; director NovaAndino por Codelco,2025-2026,,"Ing. civil industrial PUC, MBA U. Chicago. Ex Min. Desarrollo Social y RREE gob. Piñera."
CODELCO — DIRECTORIO,Josefina Montenegro Aravena,Directora Codelco; Directora NovaAndino,,Boric,Directora NovaAndino por Codelco; acuerdos legales,2024-2026,[Cruce: Estado-Empresa],"Abogada PUC, Master NYU Law. Directora simultánea: Cencosud (Paulmann), Invercap (pesca), Camanchaca (pesca), Sky Airline. Mayor acumulación directorios ecosistema litio: conecta litio con retail, pesca, aviación, finanzas. CRUCE EMPRESA: Cencosud, Invercap, Camanchaca, Sky Airline."
CODELCO — DIRECTORIO,Isabel Marshall Lagarrigue,Ex directora Codelco,,Boric,Directora independiente; participó en negociaciones; presidenta interina directorio,2023-2025,,Socióloga y economista PUC.
CODELCO — DIRECTORIO,Nelson Cáceres Hernández,Director Codelco (rep. trabajadores FTC),,Boric,Representante trabajadores; Comité Sustentabilidad,2022-2026,,"Ing. RRHH IACC, presidente SIIL Div. Andina."
CODELCO — DIRECTORIO,Ricardo Calderón Galaz,Director Codelco (rep. supervisores FESUC),,Boric,Nombrado abril 2025; representante supervisores,2025-2026,,"Psicólogo laboral PUC, consejero FESUC."
CODELCO — DIRECTORIO,Tamara Agnic Martínez,Directora Codelco,,Boric,Designada mayo 2025 por ADP; perspectiva ética corporativa,2025-2026,,"Ing. comercial USACH, MBA UAI. Presidenta Chile Transparente. Ex directora BancoEstado."
CODELCO — DIRECTORIO,Pedro Pablo Errázuriz Domínguez,Ex director Codelco,,Boric,"Participó creación filiales litio (Salares de Chile, Minera Tarar)",2021-2025,,"Ing. civil PUC, LSE. Ex Min. Transportes gob. Piñera I. Ex presidente NTT DATA."
CODELCO — EJECUTIVOS LITIO,Rubén Alvarado Vigar,Presidente Ejecutivo Codelco,,Boric,Responsabilidad ejecutiva ENL; creación NovaAndino; fortalecimiento estrategia crecimiento,2023-2026,,"+20 años Codelco, ex GG Div. El Teniente."
CODELCO — EJECUTIVOS LITIO,Alejandro Rivera Stambuk,Ex-VP Administración y Finanzas,,Boric,Participó negociaciones acuerdo SQM; creación filiales Salares de Chile y Minera Tarar,2015-2023,,8 años en Codelco; trasladado a rol específico en litio tras renuncia VP.
CODELCO — EJECUTIVOS LITIO,Macarena Vargas Losada,Primera Vicepresidenta Legal,,Boric,Equipo negociador acuerdo SQM; creación filiales; CEOLs; aspectos regulatorios,2023-2026,,Abogada U. Chile. Ranking Leading Lawyers.
CODELCO — EJECUTIVOS LITIO,Jaime San Martín Larraín,GG Salares de Chile SpA,,Boric,"7 años Codelco, 16 años previos en SQM (VP Operaciones hasta 2013). Personaje clave apuesta litio Codelco",2017-2026,,"PUERTA GIRATORIA DIRECTA: 16 años SQM (VP Operaciones hasta 2013) → Codelco Desarrollo Nuevos Negocios (~2016) → GG Salares de Chile (2023). ""Quizá el único profesional que ha estado en las dos empresas"" involucradas en NovaAndino. Ing. civil PUC, 30 años minería. CRUCE EMPRESA: SQM→Codelco."
CODELCO — EJECUTIVOS LITIO,Daniel Gómez Yianatos,Dir. Relaciones Institucionales,,Boric,Relaciones institucionales durante proceso acuerdo; testigo CEI N°65,2022-2026,,"Periodista, experiencia comunicaciones corporativas."
NOVAANDINO LITIO — DIRECTORES POR SQM,Manuel Ovalle Edwards,Director NovaAndino (por SQM),,,18 años Adidas Chile (director general); también directorio MallPlaza,2025-2060,[Cruce: Empresa-Empresa],"En MallPlaza (Falabella) cruza con Alfredo Moreno (Codelco/NovaAndino), conectando director Codelco y director SQM vía mismo grupo empresarial."
NOVAANDINO LITIO — DIRECTORES POR SQM,Ricardo Ramos,Director NovaAndino (por SQM),,,Representante SQM en sociedad conjunta,2025-2060,,Identificado en Parte II; requiere mayor investigación.
NOVAANDINO LITIO — DIRECTORES POR SQM,Hernán Uribe,Director NovaAndino (por SQM),,,Representante SQM en sociedad conjunta,2025-2060,,Identificado en Parte II; requiere mayor investigación.
CORFO,José Miguel Benavente,Vicepresidente Ejecutivo CORFO,,Boric,Supervisa contratos arrendamiento SQM/Albemarle; diseño ENL; negociación Codelco-SQM; políticas valor agregado,2022-2026,VPE CORFO + Prof. UChile/UAI + ex BID,"Economista, doctorado Cambridge. Ex gerente estudios CORFO (2014-18), ex BID, ex CEPAL."
CORFO,Sebastián Sichel,Ex VPE CORFO,,Piñera,Instituto Tecnológico Litio; implementación contratos renegociados SQM/Albemarle 2018,2018-2020,,"Abogado y político, ex candidato presidencial. Cuestionado por licitación ITL (US$192M) y citado a comisión investigadora sin asistir. No se verificó inhabilitación personal por Contraloría, pero sí irregularidades CORFO durante su gestión."
CORFO,Pablo Terrazas,Ex VPE CORFO,,Piñera,Distribución recursos comunidades; decisiones contratos litio,2020-2022,,Ing. comercial.
CORFO,Eduardo Bitrán Colodro,Ex VPE CORFO (2014-2018),,Bachelet II,Firmó contratos litio con SQM y Albemarle desde CORFO,2014-2018,[Cruce: Estado-Empresa-Academia],DUPLICADO INTENCIONAL: mismo actor ahora director Codelco → triple cruce paradigmático.
CORFO,Leonardo Valenzuela,Director CORFO / Representante en INLiSa,,Boric,Supervisión contratos productores litio; representante CORFO en INLiSa,2024-2026,,
CORFO,Ignacio Moreno,Ex Subsecretario de Minería; Secretario Ejecutivo Comisión Litio 2014-2015,,Bachelet II,Secretario ejecutivo Comisión Nacional del Litio; coordinó 20 comisionados durante 5 meses de sesiones semanales,2014-2015,,NUEVO — COMISIÓN LITIO 2014-2015. Todas las resoluciones fueron unánimes.
CORFO,Ana Lya Uriarte Rodríguez,Abogada; ex Ministra Medio Ambiente; Comisionada Litio 2014-2015,,Bachelet II,Perspectiva ambiental y jurídica en Comisión Nacional del Litio,2014-2015,[Cruce: Estado-Academia],NUEVO — COMISIÓN LITIO 2014-2015. Abogada U. Chile. Ex ministra MMA gob. Bachelet I. Luego jefa gabinete Presidenta Bachelet II. CRUCE ACADEMIA: U. Chile.
CORFO,María Daniela Desormeaux,Economista PUC; Comisionada Litio 2014-2015,,Bachelet II,Experta en mercado del litio; análisis económico en Comisión Nacional del Litio,2014-2015,[Cruce: Academia-Estado],NUEVO — COMISIÓN LITIO 2014-2015. Economista. Experta reconocida en litio.
CORFO,Rolando Humire Cortés,Representante pueblos atacameños; Comisionado Litio 2014-2015,,Bachelet II,Representación indígena en Comisión Nacional del Litio; perspectiva territorial atacameña,2014-2015,[Cruce: Comunidades-Estado],NUEVO — COMISIÓN LITIO 2014-2015. CRUCE COMUNIDADES: Dirigente atacameño. Voz territorial en diseño política litio.
CORFO,Manuel Riesco Larraín,Economista CENDA; Comisionado Litio 2014-2015,,Bachelet II,Perspectiva crítica sobre privatización recursos naturales; análisis renta del litio,2014-2015,[Cruce: ONG-Estado],NUEVO — COMISIÓN LITIO 2014-2015. Director CENDA (Centro de Estudios Nacionales de Desarrollo Alternativo). Postura pro-Estado. CRUCE ONG: CENDA.
INLiSa (INSTITUTO NACIONAL DE LITIO Y SALARES),Arlene Ebensperger Jessen,Presidenta Consejo Directivo INLiSa,,Boric,"Presidenta directorio INLiSa + vínculos CChEN; publicó ""The lithium industry"" (2005)",2024-2026,[Cruce: Estado-Estado / CChEN-INLiSa],"Geóloga, doctorado ciencias de la tierra. Ex Directora Comité Minería No Metálica CORFO → tránsito regulador a investigación. |  CRUCES: Pdte. Consejo INLiSa + CChEN. Triple cruce Academia-Gobierno. Concentración poder sobre investigación y política litio."
INLiSa (INSTITUTO NACIONAL DE LITIO Y SALARES),Hernán Cáceres Venegas,Director Ejecutivo INLiSa,,Boric,Co-fundador; representó Chile en Chile's Lithium Day Berlín; +400 citaciones,2024-2026,Dir. Ejecutivo INLiSa + Decano UCN + centro financiado SQM,"Ing. Civil Industrial, PhD Operations Research. Ex Dir. Parque CyT UCN."
INLiSa (INSTITUTO NACIONAL DE LITIO Y SALARES),Virginia Garretón Rodríguez,Directora y Tesorera INLiSa (por Minería),,Boric,"Designada por Ministra Minería; bioquímica, doctora en ciencias",2024-2026,,Experiencia en biotecnología agroalimentaria; ex asesora Consejo Nacional de Innovación. |  CRUCES: Directora/tesorera INLiSa. Bioquímica. Cruce ciencia-política designada por Ministra Minería.
INLiSa (INSTITUTO NACIONAL DE LITIO Y SALARES),Verónica Molina Trincado,Directora INLiSa (por Medio Ambiente),,Boric,Designada por Min. Medio Ambiente; académica U. Playa Ancha; Dir. HUB Ambiental,2024-2026,,"Especialista Ecología Microbiana y Biogeoquímica. ""El compromiso de la ciencia debe ser con las personas, no con intereses económicos"". |  CRUCES: Académica UPLA + Dir. HUB Ambiental. ""Compromiso ciencia con personas y territorios, no solo industria."""
INLiSa (INSTITUTO NACIONAL DE LITIO Y SALARES),Pablo Rojas,Director INLiSa (por Gobernación Antofagasta),,Boric,Designado por Gobernador Regional Antofagasta,2024-2026,,Representa región con mayor producción actual litio.
INLiSa (INSTITUTO NACIONAL DE LITIO Y SALARES),Marcos Cabello,Director INLiSa (por Gobernación Atacama),,Boric,Designado por Gobernador Regional Atacama,2024-2026,,Representa región con mayor potencial nuevos desarrollos fuera Salar de Atacama.
SMA (SUPERINTENDENCIA DEL MEDIO AMBIENTE),Marie Claude Plumer Bodin,Superintendenta SMA,,Boric,Sancionó Albemarle US$4M (2025) por sobreextracción; medidas urgentes a SQM por fauna; alianzas con CONAF,2023-2026,,"Abogada U. Chile, posgrado Paris I-II. Primera mujer superintendenta. 14+ años institucionalidad ambiental. 100 Mujeres Líderes (El Mercurio)."
SMA (SUPERINTENDENCIA DEL MEDIO AMBIENTE),Cristóbal de la Maza Guzmán,Ex Superintendente SMA,,Piñera,Inició procedimientos contra Albemarle por sobreextracción; Hoja de Ruta Inteligencia Ambiental,2019-2022,,Abogado U. San Sebastián / PUC. Renuncia no voluntaria por cambio gobierno.
SMA (SUPERINTENDENCIA DEL MEDIO AMBIENTE),Dusanka Inostroza Skaric,Asesora Superintendenta SMA,,Boric,Acompañó a Plumer en presentaciones ante Cámara de Diputados,2023-2026,,
SEA (SERVICIO DE EVALUACIÓN AMBIENTAL),Valentina Durán Medina,Directora Ejecutiva SEA,,Boric,Guía 2da edición evaluación proyectos litio/salares SEIA; reducción plazos 20-30% grandes proyectos,2022-2026,,"Abogada U. Chile, Mgr Derecho Ambiental. Académica, ex directora Centro Derecho Ambiental U. Chile. CONTINUIDAD INSTITUCIONAL: fue comisionada en Comisión Nacional del Litio 2014-2015, ahora directora SEA que evalúa proyectos litio. CRUCE ACADEMIA: Centro Derecho Ambiental U. Chile."
SEA (SERVICIO DE EVALUACIÓN AMBIENTAL),Jorge Troncoso Contreras,Ex Director Ejecutivo SEA,,Piñera/Bachelet,Evaluación proyectos expansión litio Atacama; rechazó Dominga,hasta 2022,,"Ing. civil, +25 años gestión ambiental. PUERTA GIRATORIA: ahora asesor privado en INERCO Chile."
COCHILCO,Joaquín Morales Godoy,Ex Vicepresidente Ejecutivo COCHILCO (removido jul 2024),,Boric,Informes mercado litio; proyecciones 2035; proveedor confiable minerales críticos; seleccionado entre 147 postulantes ADP,2020-jul 2024,,Removido jul. 2024 por diferencias con ministra Williams. Fue seleccionado por ADP entre 147 postulantes. Ex ministro suplente TDLC. Reemplazado por Claudia Rodríguez (subrogante). CRUCE ESTADO: Ex ministro suplente TDLC.
COCHILCO,Patricia Gamboa Lagos,Directora Estudios y PP; Coordinadora EITI Chile,,Boric,Informes litio; transparencia industrias extractivas; coordinadora EITI desde oct 2023,2020-2026,,"Ing. comercial U. Chile, MBA. 26 años en Codelco (mercado, molibdeno, metales preciosos)."
COCHILCO,Víctor Garay Lucero,Coord. Mercados Mineros COCHILCO,,Boric,Proyección Chile cae de 34% a 14% mercado 2022-2031; modelo estimación precios litio,2020-2026,,Ex Director Estudios COCHILCO.
COCHILCO,Francisco Donoso Rojas,Analista Mercado Minero COCHILCO,,Boric,"Informes ""Mercado del Litio: Proyección 2025-2026""; sobreoferta global",2020-2026,,Coescribió artículos con González Eyzaguirre y Garay.
COCHILCO,Andrés González Eyzaguirre,Ex analista COCHILCO,,,"Coautor ""El mercado de litio"" COCHILCO; ahora en Plusmining",2020-2026,,"Ing. Comercial, Mgr Análisis Económico. Consultado por LitoralPress, DiarioUSACH."
COCHILCO,Joaquín Andrés Donoso Vásquez,Analista Dir. Estudios y PP COCHILCO,,,Análisis políticas públicas litio,2020-2026,,
COCHILCO,Ada Contreras Pinto,Analista Estrategias y PP COCHILCO,,,"Autora ""El litio y sus tecnologías de procesamiento""",2020-2026,,Ing. Civil Minas y Metalurgia U. Chile.
COCHILCO,Hernán de Solminihac Tampier,Ex Presidente Cochilco y ENAMI; ex Min. Minería,,Piñera,CONFLICTO DE INTERÉS: hermano Patricio de Solminihac era VPE/GG SQM mientras él era Ministro. Licitación litio 2012 cuestionada.,2011-2013,[Cruce: Estado-Academia-Empresa],"CONFLICTO INTERÉS VERIFICADO: hermano Patricio de Solminihac fue GG/VPE SQM ~30 años. Se inhabilitó formalmente de licitación CEOLes donde SQM participó. Ahora dir. CMPC (Grupo Matte) y Dir. CLAPES UC. La licitación 2012 causó renuncias (subsec. Pablo Wagner). CRUCE EMPRESA: hermano en SQM, él en CMPC/Matte. CRUCE ACADEMIA: CLAPES UC, Prof. titular PUC."
COCHILCO,José Joaquín Jara Donoso,Académico PUC; Coord. Comité Minerales Críticos,,Boric,"Comisión 2015, Cochilco, Comité 2025; nueva cultura regulatoria litio",2020-2026,[Cruce: Academia-Estado],"Geólogo, PhD Geología Económica. Presencia consistente en todos espacios consultivos litio."
COCHILCO,Telye Yurisch Toledo,Economista Fundación Terram,,,Autora informes gobernanza/corrupción litio (NRGI); transición justa; transparencia fiscal,2020-2026,[Cruce: ONG-Academia-Estado],"Ing. comercial UTEM, postítulo Ecología Social USACH. Consejo Sociedad Civil Cochilco."
COCHILCO,Juan Carlos Guajardo Beltrán,Dir. Ejecutivo Plusmining; ex Dir. Estudios Cochilco,,,Análisis mercado; dificultades Codelco; atiende clientes empresariales y asesora Estado simultáneamente,2020-2026,[Cruce: Consultor-Estado-Academia],Ex Dir. CESCO (2006-2014). Voz de referencia para inversores.
SERNAGEOMIN,Patricio Aguilera,Ex Director Nacional SERNAGEOMIN,,Boric,Lanzó Visor Técnico Salares y Litio (Expomin 2025); catastro 63 ambientes salinos,2022-2025,,"Ing. civil industrial U. Chile, MBA UAI. Director Nacional SERNAGEOMIN nombrado por Boric. Ahora Dir. Ejecutivo ITL Antofagasta → PUERTA GIRATORIA regulación→innovación. Trayectoria: CORFO→CChEN→SERNAGEOMIN. CRUCE ACADEMIA: ITL Antofagasta."
SERNAGEOMIN,Gabriel Jeldres Vergara,Jefe Depto. Propiedad Minera; Subdirector Minería (s),,Boric,Gestión pertenencias; administra pedimentos/manifestaciones; alianza UK estándares geocientíficos,2020-2026,,"Ing. ejecución minas USACH, +6 años minería."
SERNAGEOMIN,Mauricio Lorca,Subdirector Nacional Geología,,Boric,Acompañó a Aguilera en presentaciones sobre salares y litio,2020-2026,,
SERNAGEOMIN,Alfonso Domeyko Letelier,Ex Director Nacional SERNAGEOMIN,,Piñera,Director durante gobierno Piñera,2019-2022,,Ahora abogado sector privado especializado derecho minero → PUERTA GIRATORIA.
CONTRALORÍA GENERAL DE LA REPÚBLICA,Dorothy Aurora Pérez Gutiérrez,Contralora General de la República,,Boric,"Toma razón acuerdo Codelco-SQM (18 dic 2025) + auditoría inédita simultánea; Oficio E217265; ""jugada maestra""",2024-2026,,"Primera mujer contralora en 97 años. Abogada U. Chile, Mgr Gestión Pública. Ratificada Senado 46-1-2. Trayectoria 20+ años en CGR. Tomó razón acuerdo Codelco-SQM dic 2025 con 5 condiciones restrictivas (incl. investigación SEC sobre SQM). Ordenó auditoría inédita contrato asesoría Morgan Stanley con Codelco."
ENAMI,Iván Mlynarz,Vicepresidente Ejecutivo ENAMI,,Boric,"Firmó 1er CEOL (Salares Altoandinos con Rio Tinto, sept 2025); 35.000 ton/año desde 2032 hasta 2060",2023-2026,,"Geólogo. ""Recibimos ENAMI en la UTI; la entregaremos en sala de recuperación""."
ENAMI,Verónica Baraona del Pedregal,Directora ENAMI,,Boric,Decisiones rol ENAMI en ENL; ex Subsecretaria Minería (Bachelet I); ex Subsecretaria Justicia,2024-2026,[Cruce: Estado-Empresa],"ALERTA: En 2016, directora ENAMI mientras ejecutiva de Glencore. Abogada PUC, Mgr Derecho Minas U. Atacama. DC."
ENAMI,Jaime Pérez de Arce,Ex VPE ENAMI,,Boric,Impulsó proyecto litio US$1.500M; abogó ENAMI como Empresa Nacional Litio,hasta 2023,,"Relevado junto a Marcela Hernando por ""estancamiento plan litio"". Reconoció ENAMI desconocía rubro."
ENAMI LITIO SpA,Nancy Pérez Ojeda,Presidenta Directorio ENAMI Litio,,Boric,Preside filial litio; impulso modernización,2022-2026,,"Ing. Civil Informática UTFSM, Mgr Innovación. En Codelco desde 2019. Designada por Boric abril 2022. |  CRUCES: Triple vínculo Codelco (Dir. Transformación)-ENAMI Litio (Pdte. Directorio)-academia."
ENAMI LITIO SpA,Nicolás Pacheco Neckel,Gerente ENAMI Litio; Ger. Desarrollo y Proyectos ENAMI,,Boric,Materialización CEOL Salares Altoandinos; articulación con Rio Tinto,2022-2026,,
ENAMI LITIO SpA,Jerónimo Verdugo,Ex Supt. Desarrollo Litio ENAMI,,Boric,Lideró desarrollo Salares Altoandinos; caracterizaciones hidrogeológicas; diálogo intercultural,hasta nov 2025,,"Ing. civil U. Chile, 17 años experiencia. PUERTA GIRATORIA: ahora GG Chile Lombardi Engineering Switzerland. |  CRUCES: Puerta giratoria ENAMI→Lombardi Capital. Lideró Salares Altoandinos en ENAMI, luego pasó a privado con conocimiento institucional."
ENAMI LITIO SpA,Javiera Estrada Quezada,Fiscal ENAMI; Vicedecana FCFM U. Chile,,Boric,Negociación acuerdo ENAMI-Rio Tinto; nominada Legal 500 Chile Awards 2025,2022-2026,[Cruce: Estado-Academia],
ORGANISMOS REGULADORES ESPECIALES,CChEN (Comisión Chilena de Energía Nuclear),Organismo nuclear (Ley 16.319/1965),,Boric,Autoriza cuotas extracción/exportación litio desde 1979; aprobó cuota NovaAndino y Maricunga; cuota 545.000 ton LME a ENAMI hasta 2060,2024-2026,,Dependiente Min. Energía. Debate sobre exclusión si se deroga no concesibilidad.
ORGANISMOS REGULADORES ESPECIALES,FNE (Fiscalía Nacional Económica),Autoridad competencia,,Boric,Revisó (sept 2024) y aprobó (abr 2025) alianza Codelco-SQM con medidas mitigación; Rol F399-2024,2024-2025,,"Modelo: SQM controla 2025-2030, Codelco controla 2031-2060. Protocolos manejo información."
ORGANISMOS REGULADORES ESPECIALES,SBAP (Servicio Biodiversidad y Áreas Protegidas),Servicio público (Ley 21.600),,Boric,Control concesiones en áreas protegidas salares; consulta pública feb 2026 incluye 10 objetos protección,2024-2026,,"""Ley de la Naturaleza"". Tensión explotación minera vs. conservación."
ORGANISMOS REGULADORES ESPECIALES,CAM Santiago,"Centro Arbitraje y Mediación, Cámara Comercio",,Chile,Designado para conflictos societarios NovaAndino,2025-2026,,
ORGANISMOS REGULADORES ESPECIALES,Gabriel Aguilera,Juez Primer Juzgado Letras Copiapó,,Boric,Tramitó demandas Eramet por servidumbres mineras,2025,,
ORGANISMOS REGULADORES ESPECIALES,Rodrigo Sanhueza Bravo,Director General de Aguas (DGA),,Boric,Asignación derechos de agua en Salar de Atacama; regulación hídrica salares,2022-2026,,NUEVO: Funcionario de carrera DGA desde 2004. La DGA es crucial por la asignación de derechos de agua que determinan volúmenes de extracción de salmuera.
ORGANISMOS REGULADORES ESPECIALES,Natalia Alfieri,"Jefa Unidad Medio Ambiente, Consejo de Defensa del Estado",,Boric,"Lideró demanda CDE contra Escondida, Zaldívar y Albemarle por daño irreparable acuífero Monturaqui-Negrillar-Tilopozo",2022-2026,,NUEVO: El CDE interpuso demanda por daño ambiental al Salar de Atacama ante el 1er Tribunal Ambiental. Caso paradigmático de litigación estatal contra la industria.
ORGANISMOS REGULADORES ESPECIALES,Anita Huichiman Martin,Directora Regional CONAF Antofagasta,,Boric,Administra Reserva Nacional Los Flamencos (73.986 ha en Salar de Atacama); monitoreo fauna,2022-2026,,"NUEVO: CONAF administra la Reserva Nacional Los Flamencos, que rodea zonas de extracción litio. Dato histórico: Julio Ponce Lerou fue director CONAF (1974-1980) bajo Pinochet. CRUCE COMUNIDADES: Coadministración con CPA."
ORGANISMOS REGULADORES ESPECIALES,Sandra Morales Pérez,Directora CONAF Atacama,CONAF,,Investigación flamencos y avifauna en Maricunga y Salar Atacama,2020-2026,,Cruce Estado-Academia: directora CONAF (institución estatal) | Reubicado desde 'ONGs y ambiente' (sección ¿A dónde mover?); cruce Estado-Academia
SENADO — COMISIÓN DE MINERÍA Y ENERGÍA,Rafael Prohens Espinosa,"Senador (RN), Pdte. Comisión Minería",,Boric,Presidente Comisión Minería Senado; cuestionó designación Pacheco; pro concesibilidad litio,2025-2026,,Senador por Atacama.
SENADO — COMISIÓN DE MINERÍA Y ENERGÍA,Loreto Carvajal Ambiado,"Senadora (PPD), Pdte. Comisión Minería (anterior)",,Boric,Lideró debate legislativo ENL; propuso royalty ligado a precios; coordinó con Benavente,2024-2026,,
SENADO — COMISIÓN DE MINERÍA Y ENERGÍA,Baldo Prokurica,"Senador (RN), ex Min. Minería Piñera",,Piñera/Boric,Abogó participación Codelco en litio; desmitificar discusión; valor agregado,2018-2026,,Senador Atacama.
SENADO — COMISIÓN DE MINERÍA Y ENERGÍA,José Miguel Durana Semir,Senador (UDI),,Boric,Cuestionador sistemático rol Codelco; pidió agilizar; advirtió tributos >50%,2020-2026,,Comisiones Economía y Minería.
SENADO — COMISIÓN DE MINERÍA Y ENERGÍA,Carlos Kuschel Silva,Senador (RN),,Boric,Cuestionó por qué Codelco/ENAMI; co-patrocinó proyecto concesibilidad litio (con Chahuán y Edwards),2024-2026,,
SENADO — COMISIÓN DE MINERÍA Y ENERGÍA,Luz Ebensperger Orrego,"Senadora (UDI), Tarapacá",,Boric,"Crítica acuerdo Codelco-SQM: ""bajo costo SQM""; cuestionó capacidad Codelco",2024-2026,,Pro concesibilidad.
SENADO — COMISIÓN DE MINERÍA Y ENERGÍA,Rodrigo Galilea Vial,"Senador (RN), Pdte. RN",,Boric,Propuesta concesibilidad litio; cuestionó falta mecanismos transparentes; visitó Atacama,2020-2026,,"""Copiapó cambiaría drásticamente si se permitieran inversiones concesibles""."
SENADO — COMISIÓN DE MINERÍA Y ENERGÍA,José Antonio Coloma Correa,"Senador (UDI), ex Pdte. Senado",,Boric,Presidió sesiones debate Codelco-SQM; Pdte. Comisión Desafíos Futuro,2024-2026,,Advirtió urgencia velocidad.
SENADO — COMISIÓN DE MINERÍA Y ENERGÍA,Yasna Provoste Campillay,"Senadora (DC), Atacama",,Boric,Cuestionó falta estudios ambientales; valoró ITL e INLiSa; énfasis diálogo territorial,2020-2026,,Seminarios litio regionales.
SENADO — COMISIÓN DE MEDIO AMBIENTE,Alfonso de Urresti Longton,"Senador (PS), Pdte. Comisión Medio Ambiente",,Boric,"Crítico ENL desde oficialismo; ""no repetir errores del pasado""; fortalecer evaluación impacto ambiental",2024-2026,,
SENADO — COMISIÓN DE MEDIO AMBIENTE,Esteban Velásquez Núñez,"Senador (FRVS), Antofagasta",,Boric,"Crítico gobierno y empresas; rechazó NovaAndino dic 2025; ""abandono habitantes norte""",2020-2026,,"Columnas denunciando ""paradoja del norte""."
SENADO — OTROS SENADORES,Isabel Allende Bussi,Senadora (PS),,Boric,Defensora histórica litio estratégico; propuso Corporación Litio con CTC; cuestionó Código Minería 1983,2020-2026,,
SENADO — OTROS SENADORES,Ricardo Lagos Weber,Senador (PPD),,Boric,"Defendió ENL; ""Chile no logró sacar máximo provecho"" precios altos",2024-2026,,Hijo ex presidente Ricardo Lagos.
SENADO — OTROS SENADORES,Paulina Núñez Urrutia,"Senadora (RN), Antofagasta",,Boric,Defensa recursos regionales; ex Pdte. Comisión Medio Ambiente,2020-2026,,
SENADO — OTROS SENADORES,Guido Girardi Lavín,Ex Senador (PPD); VP Fundación Encuentros Futuro,,,"""Chile tiene mayor potencial cobre, litio, solar, hidrógeno del planeta""; minería verde",2020-2022,,
SENADO — OTROS SENADORES,Francisco Chahuán,Senador (RN),,Boric,Co-patrocinó proyecto concesibilidad litio,2024-2026,,
SENADO — OTROS SENADORES,Rojo Edwards,Senador (Rep),,Boric,Co-patrocinó proyecto concesibilidad litio,2024-2026,,
SENADO — OTROS SENADORES,Daniella Cicardini Milla,"Diputada→Senadora electa (PS), Atacama",,Boric,CEI N°65; pidió Contraloría fiscalizar licitación Piñera; coautora Royalty Minero; electa senadora 2025 con 66.000+ votos,2021-2026+,,Senadora electa Atacama 2026-2034. Tránsito Cámara→Senado.
SENADO — OTROS SENADORES,Miguel Ángel Calisto Águila,Diputado→Senador electo (Ind-ex DC),,Boric,Co-autor informe CEI N°65; senador electo Aysén 2026-2034,2024-2026+,,"Votó contra reforma tributaria argumentando ""existen fondos a través del litio""."
CÁMARA DE DIPUTADOS — CEI N°65,CEI N°65 (Comisión Especial Investigadora),Comisión Cámara de Diputados,,Boric,"45 páginas, 23 recomendaciones incl. ""dejar sin efecto acuerdo""; aprobado 96-2-17 (30 jun 2025)",2024-2025,,Investigó acuerdo Codelco-SQM y compra Salar Blanco Maricunga.
CÁMARA DE DIPUTADOS — CEI N°65,Cristián Tapia Ramos,"Diputado (Ind-ex PPD), Pdte. CEI N°65",,Boric,Presidente unanimidad CEI N°65; interrogó directamente a Pacheco; denuncia penal contra SQM/Codelco,2024-2026,,"Diputado Atacama (D.4). Ex sindicalista Mantos de Oro. Denunció ""manos negras"" en negociación."
CÁMARA DE DIPUTADOS — CEI N°65,Yovana Ahumada Palma,Diputada (Ind-ex PDG),,Boric,Co-autora informe CEI N°65; co-patrocinó proyecto concesibilidad litio; Pdte. Comisión Minería Cámara,2024-2026,,Diputada Coquimbo (D.8). Destape Caso Fundaciones → credibilidad fiscalizadora.
CÁMARA DE DIPUTADOS — CEI N°65,Sebastián Videla Castillo,Diputado (Ind-ex RN),,Boric,Co-autor informe CEI N°65,2024-2025,,Diputado Coquimbo (D.5).
CÁMARA DE DIPUTADOS — CEI N°65,Catalina Del Real Moya,Diputada (Republicano),,Boric,"Co-autora informe CEI N°65; ""apoyo transversal""",2024-2025,,Diputada RM (D.11).
CÁMARA DE DIPUTADOS — CEI N°65,Félix González Gatica,"Diputado (Ind-ecologista), Pdte. Comisión MA",,Boric,"""Gobierno se equivocó en entregarle litio a Soquimich""; perspectiva ambientalista",2024-2025,,Diputado Ñuble (D.20).
CÁMARA DE DIPUTADOS — CEI N°65,Camila Musante,Diputada CEI N°65,,Boric,Miembro CEI N°65,2024-2025,,
CÁMARA DE DIPUTADOS — CEI N°65,Carlos Bianchi Chelech,"Diputado (Ind), Magallanes",,Boric,CEI N°65; firmó oficios solicitando info acuerdo,2024-2025,,
CÁMARA DE DIPUTADOS — CEI N°65,Danissa Astudillo,Diputada CEI N°65,,Boric,Miembro CEI N°65,2024-2025,,
CÁMARA DE DIPUTADOS — CEI N°65,Jaime Araya Guerrero,Diputado (Ind-ex PDG),,Boric,CEI N°65; firmó oficios; cuestionó violación código ética Codelco,2024-2025,,Diputado Los Lagos (D.24).
CÁMARA DE DIPUTADOS — CEI N°65,René Alinco,Diputado CEI N°65,,Boric,Miembro CEI N°65,2024-2025,,
CÁMARA DE DIPUTADOS — CEI N°65,Rubén Oyarzo,Diputado CEI N°65,,Boric,Miembro CEI N°65,2024-2025,,
CÁMARA DE DIPUTADOS — CEI N°65,José Miguel Castro Bascuñán,"Diputado (RN), Atacama",,Boric,CEI N°65; asistió sesiones,2024-2025,,
CÁMARA DE DIPUTADOS — CEI N°65,Eric Aedo,Diputado (DC),,Boric,CEI N°65; debate parlamentario litio,2024-2025,,
CÁMARA DE DIPUTADOS — CEI N°65,Cristian Labbé Martínez,Diputado (ex UDI→Libertario),,Boric,CEI N°65; renunció UDI para Partido Libertario (mar 2025),2024-2026,,Diputado Coquimbo (D.5).
CÁMARA — OTROS DIPUTADOS LITIO,Benjamín Moreno Bascur,Diputado (Republicano),,Boric,Autor proyecto ley derogar no concesibilidad litio (boletín 16778); aprobado en general jun 2024,2020-2026,,"Diputado RM (D.10). Co-patrocinado por Ahumada, Bernales, Calisto."
CÁMARA — OTROS DIPUTADOS LITIO,Gonzalo Winter Etcheberry,Diputado (PC),,Boric,"Defendió acuerdo Codelco-SQM desde oficialismo; ""no perder la gran oportunidad""; pro Empresa Nacional Litio",2024-2026,,"Tensiones con Jeanette Jara que calificó acuerdo de ""dañino""."
CÁMARA — OTROS DIPUTADOS LITIO,Matías Ramírez Pascal,"Diputado (PC), Tarapacá",,Boric,"Ex abogado querellante caso SQM; demandó transparencia; ""administración justicia desigual""",2020-2026,,Diputado Tarapacá (D.2). Comisión interna PC de minería.
CÁMARA — OTROS DIPUTADOS LITIO,Raúl Soto Mardones,"Diputado (PPD), Atacama",,Boric,"Lideró críticas licitación Piñera; ""acuerdo trucho, inmoral y espurio""; denunció ante Contraloría",2022-2026,,Diputado Atacama (D.4).
CÁMARA — OTROS DIPUTADOS LITIO,Héctor Ulloa Aguilera,"Diputado (Ind), Los Lagos",,Boric,Denunciante que gatilló auditoría Contraloría; solicitudes fiscalización,2025-2026,,
CÁMARA — OTROS DIPUTADOS LITIO,Guillermo Ramírez,Diputado (UDI),,Boric,Opositor a estrategia; participó sesiones CEI,2020-2026,,
CÁMARA — OTROS DIPUTADOS LITIO,Marco Antonio Sulantay,Diputado (UDI),,Boric,Crítico gestión Codelco,2020-2026,,
CÁMARA — OTROS DIPUTADOS LITIO,Marcia Raphael Mora,Invitada CEI N°65,,Boric,Participante invitada comisión investigadora,2025,,
"GOBIERNO ENTRANTE (KAST, 2026+)",José Antonio Kast,Presidente electo (asume 11 mar 2026),,Kast,"Elegido 14 dic 2025 (58,2%); promete litio ""concesible y licitable""; auditoría estratégica Codelco",2025-2026+,,"Pro-inversión, aceleración permisos, derogación no concesibilidad."
"GOBIERNO ENTRANTE (KAST, 2026+)",Daniel Mas Valdés,Biministro Economía y Minería designado (no Energía),,Kast,"Único biministro gabinete Kast; agenda reducción ""permisología""",2026+,,"Ing. agrónomo PUC, ex VP CPC, presidente Ecomac (constructora familiar). Cámara Minera criticó que agrónomo asumiera cartera minera. Energía quedó a cargo de Ximena Rincón. CRUCE EMPRESA: ex VP CPC, empresario agroindustrial."
"GOBIERNO ENTRANTE (KAST, 2026+)",Santiago Montt Oyarzún,Nominación fallida Min. Minería,,Kast,CEO Los Andes Copper (Vizcachitas); ex VP BHP Corporate Affairs; nominación fracasó,2026,,"Abogado U. Chile, PhD Yale, profesor U. Chile y Columbia. 10 años en BHP. CEO Los Andes Copper (Vizcachitas). Nominación fracasó porque Los Andes Copper anunció designación en Twitter antes del anuncio oficial, enfureciendo a Kast. PUERTA GIRATORIA: BHP→Los Andes Copper→nominado ministro. CRUCE EMPRESA: BHP, Los Andes Copper. CRUCE ACADEMIA: Prof. U. Chile, Columbia."
"GOBIERNO ENTRANTE (KAST, 2026+)",Jorge Quiroz,Ministro de Hacienda designado gobierno Kast,,Kast,"PhD Economía Duke; crítico acuerdo Codelco-SQM; ""decadencia económica""",2026,,PhD Economía Duke. Asesor económico central de Kast. Crítico acuerdo Codelco-SQM. No se verificó proyecto Sierra Atacama litio mencionado en base original.
AUTORIDADES REGIONALES Y LOCALES,Ricardo Díaz Cortés,"Gobernador Región Antofagasta (reelecto 2024, 52,27%); Presidente AGORECHI",,Electo,Exigió ley especial fondos litio; EMRA; defensa recursos regionales,2021-2026,,"Pedagogo Filosofía PUC, Mgr Educación U. de la República. Nacido en Chuquicamata (campamento Codelco). Profesor UCN 17 años. Ex dir. Escuela Educación U. Santo Tomás. Activista movimiento ""Este Polvo Te Mata"". Ex militante RD (renunció 2019), independiente centroizquierda. Ex consejero regional 2017-2021 (Pdte. Comisión Salud y MA). FNDR creció de M$83.761 a M$114.731 (2021-2024). SIN vínculos directos con empresas mineras. CRUCE ACADEMIA: Profesor UCN 17 años. CRUCE COMUNIDADES: Impulsa EMRA con participación comunidades atacameñas (ADI Atacama La Grande, ADI Alto El Loa)."
AUTORIDADES REGIONALES Y LOCALES,Karen Behrens Navarrete,Delegada Presidencial Reg. Antofagasta,,Boric,Activa en cierres CEOL; ex Pdte. Comisión Evaluación Ambiental SEA,2025-2026,,"Abogada U. Antofagasta. PS. Ex asesora jurídica SERNAC, ex Dir. Control Municipalidad Sierra Gorda, ex abogada Contraloría Interna U. Antofagasta. SIN vínculos con mineras. Activa en ENL: mesa servicios básicos, reunión Boric-CPA ene 2026, presentación avances ENL feb 2026."
AUTORIDADES REGIONALES Y LOCALES,Miguel Vargas Correa,Gobernador Región Atacama (reelecto 2024),,Electo,Política Desarrollo Litio con participación ciudadana; oposición licitación Piñera; firma ENAMI-Rio Tinto,2021-2026,,"Profesor Historia y Geografía, Mgr Gobierno y Gerencia Pública U. Chile. Nacido Chañaral. Ex militante PS (renunció 2017). Ex intendente Atacama (2014-2017, gob. Bachelet). Ex Dir. Regional SERNAC, SEREMI Economía y Gobierno. Encabezó constitución Comité Regional INLiSa oct 2025. ALERTA: Fiscalía solicitó desafuero por presunto abuso sexual (jul 2025), no formalizado a mar 2026. CRUCE ACADEMIA: Convenio GORE-UDA para INLiSa."
AUTORIDADES REGIONALES Y LOCALES,Justo Alexis Zuleta Santander,Alcalde San Pedro de Atacama,,Electo,Gobierno local epicentro litio,2021-2026,,"Atacameño (Lickanantay). Independiente en lista FRVS. Desde los 22 años en organizaciones de regantes. Ex Pdte. Comunidad Atacameña de SPA, ex Consejero Nacional CONADI, ex Coord. Regional Programa Orígenes, ex Gerente PTI Turismo Desierto CORFO. Preside AMRA. Posición pragmática pero cautelosa sobre litio. CRUCE COMUNIDADES: Dirigente atacameño, ex consejero CONADI. CRUCE EMPRESA: Gestión PTI CORFO con empresas turísticas."
AUTORIDADES REGIONALES Y LOCALES,Matías Muñoz,SEREMI Antofagasta,,,Secretaría Regional Ministerial de Antofagasta,2020-2026,,Reubicado desde 'Actores Financieros'
"GOBIERNOS REGIONALES, CORE Y GOBERNANZA TERRITORIAL",▸ GORE Antofagasta — Equipo ejecutivo,,,,,,,
"GOBIERNOS REGIONALES, CORE Y GOBERNANZA TERRITORIAL",Patricia Lanas Veliz,Administradora Regional GORE Antofagasta,,Regional,Segunda autoridad ejecutiva del GORE; coordinación administrativa; continuidad desde primer período Díaz,2021-2026+,,"Ing. Civil, Mgr (E) Planificación Territorial y Gestión Ambiental. Continuidad institucional clave."
"GOBIERNOS REGIONALES, CORE Y GOBERNANZA TERRITORIAL",Pablo Rojas Varas,Jefe Div. Fomento e Industria (DIFOI); Director INLiSa por Gob. Antofagasta,,Regional,Rotado internamente: asesor territorial (2021)→jefe DIPLADER→jefe DIFOI. Designado director INLiSa por gobernador,2021-2026,[Cruce: GORE-INLiSa],Doble rol: jefe división GORE + director INLiSa. Nodo articulación política regional del litio. CRUCE ESTADO: GORE↔INLiSa.
"GOBIERNOS REGIONALES, CORE Y GOBERNANZA TERRITORIAL",Ángel González Salvatierra,Jefe Div. Desarrollo Social y Humano GORE,,Regional,Gestión FNDR 8%; concursos vinculación comunidad; coordinación proyectos sociales regionales,2021-2026,,"Militante socialista. ALERTA: Formalizado jun 2025 por fraude al fisco (caso ""Comprometidos""), continúa en cargo sin medidas cautelares."
"GOBIERNOS REGIONALES, CORE Y GOBERNANZA TERRITORIAL",Mercedes Alvarez Segovia,Jefa Div. Presupuesto e Inversión Regional GORE,,Regional,Gestión presupuesto FNDR (M$114.731 en 2024); participa Comisión OE4 EMRA representando al GORE,2021-2026,,Integrante Comisión OE4 (gobernanza institucional) de la EMRA. CRUCE EMPRESA: Interlocución directa con mineras en marco EMRA.
"GOBIERNOS REGIONALES, CORE Y GOBERNANZA TERRITORIAL",Víctor Hugo Véliz Fanta,Secretario Ejecutivo CORE Antofagasta,,Regional,Ministro de fe del Consejo Regional; gestión administrativa sesiones; coordinación comisiones,2022-2026+,,"Abogado PUC. Rol técnico-jurídico en aprobación EMRA (Acuerdo CORE N°17319, 13 mar 2024)."
"GOBIERNOS REGIONALES, CORE Y GOBERNANZA TERRITORIAL","▸ CORE Antofagasta — Provincia El Loa (epicentro litio, 5 consejeros 2025-2029)",,,,,,,
"GOBIERNOS REGIONALES, CORE Y GOBERNANZA TERRITORIAL",Emilio Mavrakis Assad,Consejero Regional El Loa (Republicano); Pdte. Comisión Provincial El Loa,,Electo,Primera mayoría El Loa (10.392 votos). Preside Comisión Provincial.,2025-2029,[Cruce: CORE-Empresa Minera],"VÍNCULO MINERO DIRECTO: Trabajó como administrador contratos, subgerente y gerente operaciones en empresas transporte que prestan servicios a Codelco Chuquicamata, Radomiro Tomic y SQM (FCAB, Tramaca Cargo, Ferronor). Consejero con mayor vínculo operacional con gran minería. CRUCE EMPRESA: Servicios logísticos Codelco/SQM."
"GOBIERNOS REGIONALES, CORE Y GOBERNANZA TERRITORIAL",Sandra Berna Martínez,Consejera Regional El Loa (DC); 3er período,,Electa,CONSEJERA MÁS RELEVANTE PARA LITIO. Atacameña (Lickanantay). Ex alcaldesa SPA 24 años (6 períodos). Ex consejera CONADI. Única CORE que aprobó EMRA y continúa.,2018-2029,[Cruce: CORE-Comunidades Indígenas],"Pueblo atacameño por descendencia paterna. 24 años como alcaldesa de San Pedro de Atacama = administró directamente territorio del Salar. Autodenominada ""única consejera representando pueblos originarios"". CRUCE COMUNIDADES: Atacameña/Lickanantay, ex CONADI. CRUCE ESTADO: 3 períodos CORE + 6 períodos alcaldesa."
"GOBIERNOS REGIONALES, CORE Y GOBERNANZA TERRITORIAL",Dinka López Durán,Consejera Regional El Loa (FREVS),,Electa,Tercera mayoría El Loa (5.674 votos). Comisiones Salud/MA y Provincial El Loa.,2025-2029,,"Ing. Administración Empresas, nacida Chuquicamata. Dir. Turismo Municipalidad Calama. Ex concejala Calama 2 períodos. Sin vínculos directos con mineras."
"GOBIERNOS REGIONALES, CORE Y GOBERNANZA TERRITORIAL",Jorge Berna Mendoza,Consejero Regional El Loa (PDG),,Electo,Nuevo consejero El Loa.,2025-2029,,Información pública limitada. Mismo apellido que Sandra Berna (posible parentesco atacameño).
"GOBIERNOS REGIONALES, CORE Y GOBERNANZA TERRITORIAL",Luis Payero Cruz,Consejero Regional El Loa (PS),,Electo,Nuevo consejero El Loa.,2025-2029,,"Ing. Administración Logística UNAP. Joven, pdte. comunal Juventud Socialista."
"GOBIERNOS REGIONALES, CORE Y GOBERNANZA TERRITORIAL",▸ CORE Antofagasta — Otros consejeros relevantes (2025-2029),,,,,,,
"GOBIERNOS REGIONALES, CORE Y GOBERNANZA TERRITORIAL",Yasna Meneses González,Consejera Regional Antofagasta (Republicano); 1ª mayoría provincial,,Electa,Primera mayoría provincial (10.737 votos). Bloque opositor.,2025-2029,,Republicano. Sin información profesional pública detallada.
"GOBIERNOS REGIONALES, CORE Y GOBERNANZA TERRITORIAL",Duzanka Flores Rojas,Consejera Regional Antofagasta (PSC),,Electa,Segunda mayoría (10.183 votos). Presidenta Regional PSC.,2025-2029,,"Bióloga U. Antofagasta, docente. CRUCE ACADEMIA: U. Antofagasta."
"GOBIERNOS REGIONALES, CORE Y GOBERNANZA TERRITORIAL",Víctor Guzmán Rojas,Consejero Regional Antofagasta (PC); Pdte. Comisión Salud y MA,,Electo,Tres períodos. Preside Comisión Salud y Medio Ambiente = fiscalización ambiental minería.,2018-2029,,"Médico. Veterano del CORE, rol clave en evaluación impacto ambiental proyectos litio."
"GOBIERNOS REGIONALES, CORE Y GOBERNANZA TERRITORIAL",Patricio Tapia Julio,Consejero Regional Tocopilla (Independiente); veterano 3+ períodos,,Electo,Mencionó explícitamente Estrategia Regional Minera como eje. Integra CORGAPU y Comité Regional Cambio Climático.,2018-2029,,Veterano. Integra instancias ambientales y de gestión de riesgo.
"GOBIERNOS REGIONALES, CORE Y GOBERNANZA TERRITORIAL",▸ EMRA 2023-2050 — Gobernanza multiactor (Comité Directivo),,,,,,,
"GOBIERNOS REGIONALES, CORE Y GOBERNANZA TERRITORIAL",EMRA 2023-2050 (Estrategia Minera Regional),Instrumento planificación regional GORE+CORE+OCDE,,Regional,"Aprobada CORE 13 mar 2024 (acuerdo N°17319). Gobernanza constituida 22 mar 2024. 16 directores, 60 comisionados en 5 comisiones. 20 acuerdos transversales. Financiada por GORE, ejecutada con OCDE.",2023-2050,,"Primera estrategia minera regional de Chile. Basada en estudio OCDE Red Regiones y Ciudades Mineras. Coordinación técnica IPP-UCN. CRUCE EMPRESA: BHP, AMSA, SQM, Glencore, El Abra, Sierra Gorda, Codelco. CRUCE ACADEMIA: UCN (IPP-UCN). CRUCE COMUNIDADES: ADI Atacama La Grande, ADI Alto El Loa."
"GOBIERNOS REGIONALES, CORE Y GOBERNANZA TERRITORIAL",Orlando Gahona,Gerente Corporación Clúster Minero Antofagasta; Coord. técnico EMRA,,Regional,"Lidera Comité Técnico EMRA; coordinación operativa entre empresas mineras, academia y GORE",2024-2050,,Clúster Minero = rol central en organización y seguimiento del plan EMRA. CRUCE EMPRESA: Interface directa con todas las grandes mineras.
"GOBIERNOS REGIONALES, CORE Y GOBERNANZA TERRITORIAL",Cristian Rodríguez Salas,Director IPP-UCN (Instituto Políticas Públicas UCN),,Academia,Coordinador técnico-académico EMRA; nexo OCDE-GORE; investigación gobernanza minera,2022-2026,[Cruce: Academia-Estado-Empresa],"Dr. Ciencia Política (UNSAM Argentina), Lic. Historia, Mgr Desarrollo Urbano PUC Valparaíso. Ex intendente regional. Tesis doctoral sobre reformas mineras en Latam. IPP-UCN tiene como aliados: Antofagasta Minerals, SQM, Glencore, FCAB. CRUCE ACADEMIA: Director IPP-UCN. CRUCE EMPRESA: Alianzas IPP con AMSA, SQM, Glencore."
"GOBIERNOS REGIONALES, CORE Y GOBERNANZA TERRITORIAL",Andrés Sanabria,Coord. Iniciativa OCDE Regiones y Ciudades Mineras,,Internacional,"Arquitecto técnico estudio OCDE que fundamentó EMRA; propuso ""litio bajo en CO₂"" certificado desde Antofagasta",2022-2025,,MSc Asuntos Públicos LSE/Sciences Po Paris. Colombiano. Posible transición a gobierno finlandés como Senior Adviser (2026). CRUCE INTERNACIONAL: OCDE París.
"GOBIERNOS REGIONALES, CORE Y GOBERNANZA TERRITORIAL",Felipe Alveal,"Gerente Asuntos Públicos Norte, Antofagasta Minerals; miembro Comité Directivo EMRA",,Empresa,Representante Antofagasta Minerals (Grupo Luksic) en gobernanza EMRA; postas rurales Baquedano/Sierra Gorda,2024-2050,[Cruce: Empresa-GORE],"CRUCE EMPRESA: Antofagasta Minerals (Luksic). Interface directa empresa-GORE en marco EMRA. Declaró: ""La minería cobra sentido cuando contribuye al bienestar."""
"GOBIERNOS REGIONALES, CORE Y GOBERNANZA TERRITORIAL",Germana González Navas,Subgerenta Asuntos Públicos SQM Litio; participante EMRA,,Empresa,"Lidera postas rurales SQM en Socaire, Camar, Talabre, Río Grande dentro del marco EMRA",2024-2050,[Cruce: Empresa-Comunidades],"Cientista Político, Mgr Comunicación Empresarial UDP. Declaró que proyectos ""nacen desde las comunidades"". CRUCE EMPRESA: SQM Litio. CRUCE COMUNIDADES: Interfaz SQM-comunidades atacameñas."
"GOBIERNOS REGIONALES, CORE Y GOBERNANZA TERRITORIAL",▸ CORE Atacama — Comisiones clave litio/minería (2025-2029),,,,,,,
"GOBIERNOS REGIONALES, CORE Y GOBERNANZA TERRITORIAL",Miguel Ángel San Martín Salgado,"CORE Atacama (Republicano, Copiapó); Pdte. Comisión Minería y Comisión CyT",,Electo,"Preside Comisión Infraestructura, Fomento Productivo y Minería + Comisión Ciencia y Tecnología. Fiscalizó ENAMI por derrames ácido sulfúrico.",2022-2029,,"Ing. Electrónica, Automatización y Control Industrial. Formación técnica lo posiciona como interlocutor natural sector minero. Denuncia recortes presupuestarios gobierno central. No se encontró empleo directo en mineras."
"GOBIERNOS REGIONALES, CORE Y GOBERNANZA TERRITORIAL",Igor Verdugo Herrera,"CORE Atacama (PS, Vallenar); Secretario Comisión Minería",,Electo,Secretario Comisión Minería. Pdte. Comisión Salud. Designado Consejo Cuencas Piloto Huasco.,2022-2029,,Trabajador Social. 2do período. Vínculo territorial zona comunidades Colla. CRUCE COMUNIDADES: Territorio Colla (Valle del Huasco).
"GOBIERNOS REGIONALES, CORE Y GOBERNANZA TERRITORIAL",Fabiola Pérez Tapia,"CORE Atacama (FRVS, Vallenar); Pdte. Comisión MA + miembro Comisión Minería",,Electa,TRIPLE ROL: Pdte. Comisión Medio Ambiente + Pdte. Comisión Régimen Interno + miembro Comisión Minería. Una de las consejeras más influyentes.,2018-2029,,Asistente Social. 3er período (veterana desde 2018). FRVS = visión sustentabilidad ambiental. Integra Grupo Promotor Consejo Cuencas Huasco. CRUCE COMUNIDADES: Territorio Colla (Huasco).
"GOBIERNOS REGIONALES, CORE Y GOBERNANZA TERRITORIAL",Fernando Ghiglino Pizarro,"CORE Atacama (RN, Copiapó)",,Electo,Consejero con perfil minero directo.,2022-2029,,Profesión: Industrial Minero. Vínculo directo con sector extractivo. CRUCE EMPRESA: Perfil profesional minero.
"GOBIERNOS REGIONALES, CORE Y GOBERNANZA TERRITORIAL",Francisco Pallauta Cortez,"CORE Atacama (Independiente, Copiapó); Pdte. Comisión Desarrollo Social",,Electo,Profesión geominería.,2022-2029,,Geominería = perfil directamente ligado al sector. ALERTA: Formalizado por denuncia falsa y obstrucción. CRUCE EMPRESA: Perfil geominero.
"GOBIERNOS REGIONALES, CORE Y GOBERNANZA TERRITORIAL",▸ Comité Regional INLiSa Atacama (constituido oct 2025),,,,,,,
"GOBIERNOS REGIONALES, CORE Y GOBERNANZA TERRITORIAL",Comité Regional INLiSa Atacama,Instancia consultiva regional (10 miembros),,Boric,"10 miembros institucionales: GORE, CORE, SEREMI Minería, SEREMI Ciencia, CORFO regional, ENAMI, SERNAGEOMIN, U. Atacama, CORPROA, Codelco Div. El Salvador. SIN cupo formal para comunidades indígenas.",2025-2026+,,"Conformado oct 2025 en Copiapó. Comunidad Colla Pai Ote del Salar Maricunga ha exigido presencia. UDA representada por Carolina Blanco (Dir. Innovación) y María José Gallardo (Vicerrectora Investigación). CRUCE ACADEMIA: UDA. CRUCE EMPRESA: Codelco Div. El Salvador, CORPROA. CRUCE COMUNIDADES: Sin representación directa (demanda Colla pendiente)."
"GOBIERNOS REGIONALES, CORE Y GOBERNANZA TERRITORIAL",▸ GORE/CORE Tarapacá — Salares en disputa,,,,,,,
"GOBIERNOS REGIONALES, CORE Y GOBERNANZA TERRITORIAL",José Miguel Carvajal Gallardo,"Gobernador Región Tarapacá (reelecto 2024, 46,07%)",,Electo,"Nacido Huara (pueblo altiplánico). No hay declaraciones públicas directas sobre ENL. Salares Coipasa, Hilaricos y Quillagua Norte en su región.",2021-2026+,,"Ing. Comercial, Mgr Innovación y Emprendimiento PUC. Ex consejero regional Tamarugal (2014-2020). Ex PPD, luego Comunes/FA, actúa como independiente. CRUCE ACADEMIA: PUC."
"GOBIERNOS REGIONALES, CORE Y GOBERNANZA TERRITORIAL",Lucero Callpa Flores,Consejera Regional Tarapacá (Independiente); Pdte. Comisión Minería y VP Comisión MA,,Electa,"Preside Comisión Desarrollo Rural, Agricultura, Ganadería y Minería. VP Comisión Medio Ambiente y Energía.",2025-2029,,Apellido aymara sugiere vinculación pueblos originarios. Doble rol minería+MA la hace consejera clave para litio en Tarapacá. CRUCE COMUNIDADES: Posible vinculación aymara.
"GOBIERNOS REGIONALES, CORE Y GOBERNANZA TERRITORIAL",Comunidad Aymara Ancovinto — Joel Gómez Mamani,Presidente Comunidad Aymara Ancovinto (Salar Coipasa),,Comunidad,"Denunció exclusión de consulta indígena CEOL Coipasa. Un tercio territorio comunitario dentro perímetro CEOL. Detectó ""copy-paste"" de estudio sobre atacameños aplicado a aymaras.",2024-2026,[Cruce: Comunidades-Estado],"Presentó recurso protección Corte Apelaciones Iquique. Gobierno se comprometió a incluir Ancovinto. Consulta suspendida abr 2025. CRUCE COMUNIDADES: Pueblo Aymara, territorio Coipasa. CRUCE ONG: Apoyado por organizaciones DDHH indígenas."
"GOBIERNOS REGIONALES, CORE Y GOBERNANZA TERRITORIAL",Adimelia Moscoso García,"Dirigenta Comunidad Chalvire (sector Cariquima, Tarapacá)",,Comunidad,"Voz comunitaria contra explotación litio Coipasa. ""Para nosotros el salar no es solo un recurso económico, es parte de nuestra vida y territorio ancestral.""",2024-2026,,"CRUCE COMUNIDADES: Pueblo Aymara, sector Cariquima."
"GOBIERNOS REGIONALES, CORE Y GOBERNANZA TERRITORIAL",▸ Alcaldes comunas del litio,,,,,,,
"GOBIERNOS REGIONALES, CORE Y GOBERNANZA TERRITORIAL",Eliecer Chamorro Vargas,Alcalde Calama (FRVS); Presidente AMUNOCHI,,Electo,"Alcalde más confrontacional con minería. Criticó Codelco por proyecto RT: ""no aporta nada a la ciudad"". Lidera demanda modificación ley patentes mineras.",2021-2028,,"Ing. Comercial, Mgr Administración. Pdte. AMUNOCHI (Asociación Municipalidades Norte). CRUCE EMPRESA: Confrontación directa con Codelco."
"GOBIERNOS REGIONALES, CORE Y GOBERNANZA TERRITORIAL",Cristóbal Zúñiga Arancibia,Alcalde Tierra Amarilla (Independiente),,Electo,Comuna cercana Salar Maricunga; territorio comunidades Colla.,2024-2028,,CRUCE COMUNIDADES: Territorio Colla afectado por proyecto Maricunga.
"GOBIERNOS REGIONALES, CORE Y GOBERNANZA TERRITORIAL",Jhean Ramírez Domínguez,Alcalde Ollagüe (Independiente),,Electo,Comuna del salar de Ollagüe (salar priorizado para CEOL).,2024-2028,,Comuna extremadamente aislada (~300 habitantes). Salar Ollagüe es uno de los priorizados.
"GOBIERNOS REGIONALES, CORE Y GOBERNANZA TERRITORIAL",Teófilo Mamani,Alcalde Colchane (Independiente),,Electo,Comuna del conflictivo Salar de Coipasa. Frontera Bolivia.,2024-2028,,Apellido aymara. Comuna en conflicto por CEOL Coipasa y exclusión comunidades aymaras. CRUCE COMUNIDADES: Pueblo Aymara.
"GOBIERNOS REGIONALES, CORE Y GOBERNANZA TERRITORIAL",▸ Distribución territorial de rentas del litio,,,,,,,
"GOBIERNOS REGIONALES, CORE Y GOBERNANZA TERRITORIAL",Ley Royalty Minero (cobre y litio),Distribución regional,,Boric,Aprobado 2023 (101 votos); 35% recaudación (~US$450M) a GORE y municipios vía 3 fondos. Gobernador Díaz (pdte. AGORECHI) negoció con Hacienda.,2023-2026+,,"Antofagasta reclama que comunas mineras reciben menos que comunas populosas por fórmula FNDR. Proyecto ""regiones más fuertes"" busca actualizar polinomio distribución."
"GOBIERNOS REGIONALES, CORE Y GOBERNANZA TERRITORIAL",▸ Equipos ministeriales técnicos (nuevos hallazgos),,,,,,,
"GOBIERNOS REGIONALES, CORE Y GOBERNANZA TERRITORIAL",Marcela Guerra,Gerente General CORFO (primera mujer en el cargo),,Boric,Primera mujer GG en historia de CORFO. Designada abr 2022. Gestión operativa negociación Codelco-SQM.,2022-2026,,NUEVO: Rol ejecutivo clave en implementación ENL desde CORFO.
"GOBIERNOS REGIONALES, CORE Y GOBERNANZA TERRITORIAL",Claudia Rodríguez Lagos,VPE COCHILCO (subrogante desde jul 2024),,Boric,"Reemplazó a Morales Godoy tras remoción. Abogada PUC, en COCHILCO desde 2008.",2024-2026,,NUEVO: Ex funcionaria SERNAGEOMIN y empresa Mauricio Hochschild. A mar 2026 sigue subrogante sin nombramiento titular. CRUCE EMPRESA: Ex Mauricio Hochschild (minería).
"GOBIERNOS REGIONALES, CORE Y GOBERNANZA TERRITORIAL",Rodrigo Illanes Naranjo,Delegado Presidencial Región Atacama (FA),,Boric,Participó firma 2do CEOL Maricunga feb 2026. Articulación servicios públicos Atacama.,2024-2026,,"Ing. Acuicultura, MSc Dirección Proyectos. CRUCE EMPRESA: Ex Gerente Proyectos CORPROA, experiencia en ""proyectos productivos relacionados con la gran minería""."
"GOBIERNOS REGIONALES, CORE Y GOBERNANZA TERRITORIAL",Adriana Tapia Cifuentes,"Delegada Presidencial Tarapacá (UDI, gob. Kast)",,Kast,"Nueva delegada desde mar 2026. Perfil sanitario, no minero.",2026+,,"NUEVO: Médico cirujana, ex SEREMI Salud, ex Dir. Servicio Salud Iquique. Prioridades: seguridad, control fronterizo, migración. Sin vínculo conocido con litio."
"GOBIERNOS REGIONALES, CORE Y GOBERNANZA TERRITORIAL",Francisca Toledo Echegaray,Ministra Medio Ambiente (gob. Kast),,Kast,"Reemplaza a Maisa Rojas. Investigadora Libertad y Desarrollo especializada en ""destrabe proyectos inversión"".",2026+,,"NUEVO: Ing. civil industrial PUC, 40 años. CRUCE ONG/THINK TANK: Libertad y Desarrollo (pro-mercado). Postura opuesta a Rojas en protección salares."
OTROS ACTORES INSTITUCIONALES Y CONSULTIVOS,Karla Flores,Directora InvestChile,,Boric,Giras internacionales; 97 compañías de 12 países contactaron InvestChile por litio,2024-2026,,
OTROS ACTORES INSTITUCIONALES Y CONSULTIVOS,Ximena Rivillo,Directora ChileValora,,Boric,5 perfiles ocupacionales litio para 1.300-1.500 trabajadores,2025-2026,,
OTROS ACTORES INSTITUCIONALES Y CONSULTIVOS,Gustavo Lagos Cruz-Coke,Profesor titular Ing. Minería PUC,,,Propuso modelo Codelco-SQM adoptado como ENL; profesional que más ha estudiado litio en Chile,2020-2026,[Cruce: Academia-Empresa-Estado],"PhD Leeds, Mgr Ing. Minas U. Chile. PUERTA GIRATORIA: trabajó en SQM 2005-2010. Propuso modelo Codelco-SQM esencialmente adoptado como ENL. Vinculado a Centro Estudios Nueva Minería (mencionado en querella SII contra SQM por boletas falsas). Vinculado a CESCO (auspiciado por SQM y Anglo American). CRUCE EMPRESA: ex SQM, CESCO. CRUCE ACADEMIA: Prof. titular Ing. Minería PUC."
OTROS ACTORES INSTITUCIONALES Y CONSULTIVOS,Manuel Viera Flores,Presidente Cámara Minera Chile,,Kast,"Instó Kast derogar Arts. 7,8,9 Código Minería; ""concesible ya no es opción, es obligación país""",2026,,PhD Mineral Economics. CEO Metaproject Group.
OTROS ACTORES INSTITUCIONALES Y CONSULTIVOS,Susana Jiménez Schuster,Presidenta CPC,,Kast,Primera mujer en liderar CPC; litio como recurso estratégico inversión; certidumbre regulatoria,2024-2026,,
OTROS ACTORES INSTITUCIONALES Y CONSULTIVOS,Juan Carlos Jobet,Ex Biministro Minería/Energía (Piñera),,Piñera,"Instituto Tecnológico Litio; ""Codelco no sabe de litio, esa es la verdad""; acuerdo como ""pragmatismo""",2020-2022,,Mencionado como potencial sucesor Pacheco en presidencia Codelco.
OTROS ACTORES INSTITUCIONALES Y CONSULTIVOS,Vicente Pérez Vidal,Funcionario,,Boric,Ing. Civil Químico vinculado a política litio,2020-2026,,Requiere mayor investigación.
OTROS ACTORES INSTITUCIONALES Y CONSULTIVOS,SAMR,Regulador antimonopolio China,,China,Aprobación condicional acuerdo Codelco-SQM (10 nov 2025),2025,,Regulador extranjero con poder de veto sobre alianzas globales litio.
EXPERTOS Y SOCIEDAD CIVIL CON ROLES INSTITUCIONALES,Lucio Cuenca Berger,Director OLCA,,,"Crítico ""transición energética verde""; documental ""La Fiebre del Litio""; cuestionó financiamiento pabellón Chile COP30 por mineras",2020-2026,,Ing. USACH. OLCA acompaña comunidades en conflicto socioambiental.
EXPERTOS Y SOCIEDAD CIVIL CON ROLES INSTITUCIONALES,Ramón Morales Balcázar,Co-coordinador OPSAL,,,"Autor ""Minería de litio en Salar Atacama: extractivismo y despojo""; alertó área oscura Red Salares Protegidos",2020-2026,,Foros internacionales (U. Québec Montreal).
EXPERTOS Y SOCIEDAD CIVIL CON ROLES INSTITUCIONALES,Germana González Navas,Subgerente Asuntos Públicos SQM Litio,,,Vinculación comunitaria SQM; postas rurales San Pedro Atacama,2020-2026,,"Cientista Político, Mgr Comunicación Empresarial UDP. Actor SQM con rol interfaz Estado-comunidad."
EXPERTOS Y SOCIEDAD CIVIL CON ROLES INSTITUCIONALES,Juan Carlos Cayo,"Abogado, Observatorio Ciudadano",,,Coord. Plataforma Chilena DDHH y Empresas; pueblo Aymara,2020-2026,,Litio y DDHH en ABC.
EXPERTOS Y SOCIEDAD CIVIL CON ROLES INSTITUCIONALES,Javiera Pérez,ONG FIMA,,,Autora policy brief litio,2020-2026,,
EXPERTOS Y SOCIEDAD CIVIL CON ROLES INSTITUCIONALES,Macarena Martinic,"Coord. Empoderamiento y Participación, ONG FIMA",,,Participación pública en políticas litio,2020-2026,,
EXPERTOS Y SOCIEDAD CIVIL CON ROLES INSTITUCIONALES,Amaya Alvez Marín,Académica,,,Derecho indígena; Anillos Salares; marcos regulatorios constitucionales,2020-2026,,
EXPERTOS Y SOCIEDAD CIVIL CON ROLES INSTITUCIONALES,Daniela Soto Hernández,Antropóloga Social,,,Posdoc. Salar de Atacama; enfoque estudios globales,2020-2026,,
EXPERTOS Y SOCIEDAD CIVIL CON ROLES INSTITUCIONALES,Jacinta Arthur,Estudios Patrimoniales,,,Patrimonio cultural salares,2020-2026,,
EXPERTOS Y SOCIEDAD CIVIL CON ROLES INSTITUCIONALES,Javier Fernández de la Fuente,Director Proyectos SLR Consulting,,,Relaciones comunitarias y SEIA; diseño programas participativos,2020-2026,,Psicólogo.
EXPERTOS Y SOCIEDAD CIVIL CON ROLES INSTITUCIONALES,Cecilia Dastres,"Socióloga, participación ciudadana",,,Diseño mecanismos participación ciudadana,2020-2026,,Mgr Gestión y PP.
EXPERTOS Y SOCIEDAD CIVIL CON ROLES INSTITUCIONALES,Sebastián Carrasco,Analista administración pública,,,Capacidades y comportamientos burocráticos; políticas públicas litio,2020-2026,,
EXPERTOS Y SOCIEDAD CIVIL CON ROLES INSTITUCIONALES,Álvaro Funes Palacios,"Abogado, académico UCN",,,Litio como mineral estratégico; perspectiva jurídica; asesor Primer Tribunal Ambiental,2020-2026,,"Derecho minero, energía solar, hidrógeno verde."
